{"m": {"100_500": [-0.0016205474271642742, 0.017972741145440813, 0.009676719507512317, -0.0010804783222987317, 0.0017796670719196846, 0.0006643408715375699, -0.0018324187881840043, 0.005220920958469214, -0.001107528544167144, -0.0006489617277224898, 0.0026610514387185686, -0.0026013951377257764, -0.001773409394043556, 0.002217861063797172, 0.0006250797993224114, -0.0017708258258845309, 0.01716375360540289, -0.0008737113411030441, 0.0003940116552307154, 0.004644359088093042, -0.001986944782676583, -0.001057553778478905, -0.0009647898071160307, 0.0031576509144037846, -0.0035432092826464213, -0.0006724560425702657, 0.011161278059818577, -0.001042585417673108, 0.0006482593371145777, -0.0034820493816617817, 0.0003654982508276589, -0.0008261507424734009, -0.0017348206326985383, 0.0013873081445664867, 0.00020150016725368913, -0.001307249272318877, 0.00619353116988801, -0.002444714886041038, -0.0017245805633533747, 0.0028696723168830794, 0.010738533026156802, 0.0002509297886567947, -0.0009785860625261557, -0.0019013454276960691, 0.0016991336080621113, -0.0020868415022981934, -0.0009403861569715081, 0.002215388800936198, -0.002154943485208205, 0.0002043395150739525, 0.009026401152292673, -0.001048959014696593, 0.00012896807655517477, 0.0017164001865037427, 0.0017174538837422732, -0.0016466788432926115, -0.0003924988147294789, -0.004753063891391502, 0.008617948956890905, 0.003045956777279207, -0.00099188243758108, 0.0008026070914400043, 0.0005941552953030624, 0.0006507995494169881, -0.000814345312811347, -0.0009414460531306395, -0.000869257945666468, -0.004665660238731361, -0.0036017072148538136, -0.004322727328454202, 0.002949344320913224, 0.00852549778605855, 0.0004167749116332561, 0.0034259740734481603, -0.0030245088573763496, -0.0005051053528810735, -0.003345408662013506, 0.008331298203375482, 0.0035454994499997702, 0.001647525474159338, -0.002714543245198729, 0.0048802160961076155, -0.0016323136191023515, -0.0013373104269659962, -0.0013715402266844467, -0.000267790591626399, 0.008294641571393004, -0.0033607694678327244, -5.0464576385711556e-05, 0.0012649826569949801, -0.0019271831551333888, -0.0008294789060376934, -0.000988203865540272, 0.0021994873376897884, 0.0012635935538432386, -0.0017891657632679561, -0.0031419192750185903, -0.0015313570207409794, -0.0016966690357774496, -0.0011958279974901235]}, "c": {"100_500": [0.0007200693858033628, 0.01852347523169927, 0.011456631017097534, 0.0007464309228680213, 0.005296982790876646, 0.001942891317254107, 0.0003156076976028271, 0.0071896639269885786, 0.0003761752530779631, 0.0003570747710914293, 0.005248446886802122, 0.0006450729450164363, 0.0010625509641876852, 0.003978265674813156, 0.002944921677186503, 0.000420843136626936, 0.01965109672510909, 0.001918269494908891, 0.00473517526528507, 0.008052331849653855, 0.0003983340624830453, 0.001561383352340781, 0.0013788208983874937, 0.0048666696168923225, 0.0008315487633657176, 0.0004912644685238774, 0.01224385865191085, 0.0002795002582213783, 0.0025501063125071234, 0.0003533547079665004, 0.0012666140834928956, 0.00040636601115693336, 0.0005417860337728052, 0.0031708991195479757, 0.002665504478318908, 0.001461048045089119, 0.007594244590598973, 0.000930226750853035, 0.00044791732860496267, 0.004325576948452217, 0.013223222344237439, 0.001492347146809916, 0.00043060144356742966, 0.0015834406286149168, 0.0029907857457027423, 0.0010793926914405892, 0.0005720260111878451, 0.005814426604537876, 0.0007207605457755562, 0.0019089733629349213, 0.011143657951239729, 0.0019313952651248837, 0.0020598129944298126, 0.0037645627238607265, 0.003011577006827574, 0.0005875241016826476, 0.0007508421786989492, 0.0005255909524383605, 0.011542918152923957, 0.0042260768983310845, 0.0011620408111304278, 0.001413317980618449, 0.0025211432379366305, 0.003366691745802091, 0.0003522653426998295, 0.0003576976770078181, 0.0014682922243028588, 0.0004677798125121626, 0.001042558561170299, 0.00043635911429169936, 0.004674437855989527, 0.009974616997395205, 0.002217644512558181, 0.005592318973235088, 0.0003038735510817787, 0.00022512791384884622, 0.0002591963921570277, 0.010239367642779253, 0.004850505226216337, 0.0025566396930332123, 0.0016592951623463886, 0.006576749371754268, 0.0005225060218370345, 0.0004550826177056297, 0.0005756513421791897, 0.0015553503811372503, 0.009233698088292877, 0.00042325510731447137, 0.0052248142368654955, 0.0033749693322354868, 0.000288764771259448, 0.003137595375027158, 0.00046399429742159556, 0.003328822193151282, 0.0024984827907479482, 0.0005326240517027327, 0.00040665350546245465, 0.00045354617542994676, 0.00022957785063073972, 0.0002987702723078837]}, "c_m": {"100_500": [0.000731536884666566, 0.01852347523169927, 0.011373257202273234, 0.0007464309228680213, 0.005296982790876646, 0.001942891317254107, 0.0003156076976028271, 0.0071896639269885786, 0.0003761752530779631, 0.0003570747710914293, 0.005248446886802122, 0.0006450729450164363, 0.001064825798007223, 0.003978265674813156, 0.002944921677186503, 0.00039384227137488777, 0.01965109672510909, 0.001918269494908891, 0.00473517526528507, 0.008052331849653855, 0.0003983340624830453, 0.001561383352340781, 0.0013788208983874937, 0.0048666696168923225, 0.0008315487633657176, 0.0004912644685238774, 0.01224385865191085, 0.00029185976727763775, 0.0025501063125071234, 0.0003533547079665004, 0.0012666140834928956, 0.00040636601115693336, 0.0005417860337728052, 0.0031708991195479757, 0.002668189837058162, 0.001461048045089119, 0.007573166136456566, 0.000930226750853035, 0.00044791732860496267, 0.004325576948452217, 0.013223222344237439, 0.001492347146809916, 0.00043060144356742966, 0.0015576438686734763, 0.0029978683030790127, 0.0010793926914405892, 0.0005720260111878451, 0.005814426604537876, 0.0007207605457755562, 0.0019089733629349213, 0.011143657951239729, 0.0019313952651248837, 0.0020598129944298126, 0.003767607436674589, 0.0030056079279725963, 0.0005875241016826476, 0.0007420898976037279, 0.0005255909524383605, 0.011542918152923957, 0.004261178666468768, 0.0011665644123996027, 0.001413317980618449, 0.0025227565922746726, 0.003366691745802091, 0.0003522653426998295, 0.0003576976770078181, 0.0014682922243030043, 0.0004677798125121626, 0.001042558561170299, 0.00043635911429169936, 0.004674437855989527, 0.009974616997395205, 0.002217644512558181, 0.005536918350884225, 0.0003038735510817787, 0.00014689698063128162, 0.0002591963921570277, 0.010239367642779253, 0.004850505226216337, 0.0025566396930332123, 0.0016592951623463886, 0.006522561856349639, 0.0005225060218370345, 0.0004550826177056297, 0.000556495871188963, 0.0015553503811372503, 0.009233698088292877, 0.00042325510731447137, 0.005232899419969326, 0.0033749693322354868, 0.000288764771259448, 0.003137595375027158, 0.00046399429742159556, 0.003328822193151282, 0.0025213188866552083, 0.0005326240517027327, 0.0004113919891246769, 0.00045354617542994676, 0.00022957785063073972, 0.0002987702723078837]},