{"m": {"500_100": [0.012766415009647607, 0.020442702289327427, 0.014384577647646364, 0.014325240399563626, 0.01790033466656445, 0.01430760411933952, 0.014129875760349532, 0.01411563451843438, 0.015514281452507711, 0.017104277074552664, 0.01893794949945324, 0.016875690267524186, 0.014227474266199133, 0.01447098396323985, 0.015544438428665017, 0.015519734359615832, 0.016479905851461953, 0.014641364187471627, 0.01714298312587067, 0.017606035909766504, 0.01553203289694924, 0.017960774448855226, 0.013653754886701062, 0.014880932211104519, 0.017226184189419146, 0.01893823707348798, 0.01667334568845501, 0.015536971121045209, 0.01596433096534369, 0.01953847209235173, 0.012634917969160307, 0.01086409017279293, 0.016428103706927506, 0.017637322813261854, 0.015389453434505557, 0.020233022712744568, 0.01045470689460999, 0.016304735040321976, 0.01366574542224931, 0.019679808405553195, 0.019110009140592736, 0.014786583315270982, 0.014425662397999986, 0.01409818599657112, 0.019200545824720756, 0.01712461135230289, 0.015582186862222734, 0.014235433552235045, 0.015459612045113317, 0.014345811944305169, 0.015180460135122848, 0.016833767119843687, 0.016134867435653143, 0.015771944824569218, 0.03210498227797172, 0.017679932719216595, 0.013132309733029106, 0.01669685616277362, 0.01445004178535819, 0.014294247533057787, 0.015491604606085603, 0.01707850760463567, 0.01658542798400551, 0.015787353685091366, 0.019784434404416535, 0.017587361280417536, 0.013394879141886923, 0.016394245837562195, 0.014764734032870038, 0.013768120862239303, 0.015083610576485516, 0.023407261886755733, 0.01786345386682995, 0.016069425688886113, 0.01743345727986234, 0.01789021172787194, 0.01365905898160985, 0.012463904900202324, 0.014605136087235588, 0.01818299963060752, 0.01316446987785108, 0.015631348451278754, 0.013817957298108958, 0.01972523897326857, 0.01486960154397617, 0.01274063499970027, 0.01398825603236968, 0.014866722429498186, 0.014045051734707522, 0.012690506535488385, 0.016832674940476716, 0.016241903193077015, 0.01822534641847553, 0.018602247625556775, 0.016819882494269113, 0.016020232361107483, 0.012479728394795093, 0.013818306178012427, 0.013774804911169922, 0.017488361360646812]}, "c": {"500_100": [0.015532837105842192, 0.019033409343985112, 0.013151489334715152, 0.01253522379784612, 0.0169013045600857, 0.013905702226567082, 0.011444696676531602, 0.012909278970877349, 0.014289170708240127, 0.015303880994850916, 0.017903079641788937, 0.015307858957485442, 0.013119247126441769, 0.013466329211906122, 0.014384439323171391, 0.013320802306335245, 0.015111144662801088, 0.01267200258661338, 0.014795000554433646, 0.0164031770107428, 0.013992485370896465, 0.016725469004775367, 0.012308556343562668, 0.013720871527684794, 0.014578157350080728, 0.01767579613960188, 0.0154560927691916, 0.013923821211103932, 0.015029297651985544, 0.018027397346005745, 0.011547548162353196, 0.008419878245700674, 0.014726645268393332, 0.01591293812551303, 0.014135136874173622, 0.01854608755351932, 0.01051593286189207, 0.01470156016208406, 0.01195460746860932, 0.0180501495012932, 0.017333575135070424, 0.01085233454510657, 0.013068592640838907, 0.012642634232137788, 0.017310939391875873, 0.016145641790719818, 0.0155951828721934, 0.01303445880803949, 0.01358794390737763, 0.013150612807716825, 0.013720601496778981, 0.015273732572605805, 0.014873486472674995, 0.01273785582853583, 0.03093175200874102, 0.015387875989973836, 0.01299542905517781, 0.01521444611749088, 0.012633917686912027, 0.013218233092183364, 0.01423317622038041, 0.015005647931549319, 0.015092998949976755, 0.014208123379353347, 0.017350484310962203, 0.01619373805061754, 0.012583424447175931, 0.014161703226145765, 0.014156654997921287, 0.012546433281381905, 0.01410755830830356, 0.021277270865473402, 0.016123802665592084, 0.013631260558969953, 0.015166041389592573, 0.01626453318124826, 0.012371336535043374, 0.010893495703854424, 0.012975847975110373, 0.016784820124124234, 0.010372951161142991, 0.013854138265051443, 0.013894481644649787, 0.018563702108834113, 0.01329358710397486, 0.011532040615861187, 0.012957378705405717, 0.012359061415621982, 0.01289325054484143, 0.00747760350228331, 0.016145955685363297, 0.014797325323091937, 0.017081128265036678, 0.016349167893201958, 0.015197145635730994, 0.01468774795500649, 0.010412626157280466, 0.013022280199453088, 0.012191599329063028, 0.01611816420564399]}, "c_m": {"500_100": [0.021343732914890425, 0.020639789950403647, 0.014541466133017674, 0.014462305880926578, 0.017970108451384876, 0.015060561498124153, 0.014646438110111194, 0.014157945157535724, 0.015491282918621582, 0.017152271544545072, 0.018972870678755863, 0.016735612417348313, 0.014461880546520405, 0.014561297107017163, 0.015668239096188044, 0.01574126924282755, 0.016499962767431278, 0.01485479806307747, 0.01737319120988628, 0.01756898275048312, 0.015365024141382164, 0.018031573105634306, 0.013510328574847371, 0.015056202272758529, 0.017366265105834753, 0.018886021472815918, 0.016796960127114145, 0.015328844196592981, 0.015954636931071582, 0.01965067353923994, 0.013565908949328732, 0.01084900765945189, 0.016427812004162115, 0.017858304038198693, 0.015582913730677684, 0.020319571735013305, 0.012802941134870344, 0.016564429625695775, 0.013527885598065332, 0.01970240155103238, 0.01925051242765752, 0.014713266594512971, 0.014442047360790893, 0.014173487061336492, 0.019264185213925374, 0.01702525327867537, 0.015578100885029998, 0.014492976829027029, 0.015536777497266011, 0.014415235671380651, 0.01535094272222792, 0.01672812417520574, 0.01615291051817083, 0.015851534909895125, 0.03199572852945639, 0.017805884481370157, 0.014398944400364417, 0.017035760042507026, 0.014666109462475579, 0.01448388092998226, 0.015472050153427699, 0.016759379885307717, 0.01662785765755194, 0.015838484912377316, 0.019564614721296822, 0.01792352633712202, 0.014141268361175026, 0.016441681029167814, 0.014825753837148514, 0.01380881826582874, 0.014796838252482411, 0.023421242762111796, 0.017974871132357947, 0.015925408059364564, 0.017416192041254837, 0.017678652842546435, 0.01363107869213287, 0.012558330396783422, 0.014815371102051722, 0.018117927868999833, 0.013220758831554848, 0.01533248569204472, 0.014913079691262246, 0.019544366599780625, 0.014885085741208167, 0.012891244436667766, 0.013918916969611747, 0.014648056079692323, 0.014558558845170483, 0.01446040920247513, 0.017242119331607828, 0.016067886160695197, 0.01798909936698139, 0.018605600684980454, 0.016624028543409223, 0.016018935712091623, 0.012524112196489587, 0.01396599580940805, 0.013444064361308556, 0.017695197301012815]},