{"m": {"500_500": [0.0006148176303956425, 0.001058674764530384, -0.001915778269077884, 0.0015826769358058227, 0.0003658450066157384, 0.0010179538173106266, 0.0011755516845553648, 0.0005986082790684886, 0.0026837554057873784, 0.00034086366357048974, 0.0007186692588287406, 0.001103017017064034, 0.0027454521922681014, 0.0012953708407466766, 0.0008260237808122765, 0.002211487434163806, 0.0006991366528178333, 0.0006035558165176771, 0.0009713925013601547, 0.0015338480041316943, 0.0005098571361636277, 0.001221676550524542, 0.0007216889130640775, 1.8995301335235126e-05, 0.0019778701744286808, 0.0011202564750701421, 0.0012603408569841412, 0.0013099445525110933, 0.001922065217142459, 0.0006658376528816298, 0.0011787817671347876, 0.00044986605780222453, 0.0011985301819158484, 0.00019219964992278255, 0.0014750638944366946, 0.0007526152375043602, 0.00046176895715575666, 0.0010010942956371, -0.0002872472081548767, 0.001861740101880976, 0.0012747568180288653, 0.0010083840264762986, 0.0008607384293864015, 0.001912536933077965, -0.00013813693096104544, 0.001187372709721909, 0.001356653488716809, 0.0019257800887660123, 0.0017634833500171081, 0.0004894116863459349, 0.00046101732915441974, 0.0008325712531844619, -0.0010314992533852346, 0.0018260910797996911, 0.000747559869789984, 0.000651935644553043, 0.0008899440251097549, 0.001824775949236704, 0.003072696329139173, 0.0014565734653421679, 0.000638997449405375, -0.0006566495275517227, 0.0005487510810059029, 0.0007670080865612253, 0.0002987553136594361, 0.00036051466371701097, 0.0017459579017782816, -0.0030898110510183033, 0.0008969029700473184, 0.0007284414899715921, 0.0005076491781238001, 0.0006114855167161441, 0.00019753932571969925, 0.0008973086011370179, 0.001012304896935122, 9.290190591732972e-05, 0.0006122895999473985, 0.0013400727416680892, 0.0025168507391011806, 0.005061190609479091, 0.0008935253608004423, 0.00028213555498910137, 0.0006842545501305722, 0.0012937218168764374, 0.0007720616603528615, 7.637380212254357e-05, -0.0003008482634845423, 0.0013899072914812713, 0.0006770278004896828, -0.00020826102613541298, 0.0004785927911733743, -0.00072115925014182, 0.0003512469687343109, 0.00045053572077513674, 0.004061049891798407, 0.001113806731594028, 0.0013457805054308846, 0.001010678513494553, 0.0008420866084723966, 0.0007663450340344571]}, "c": {"500_500": [0.0014193252885654802, 0.0015645631881069859, 0.0015724454020013799, 0.0019013581206867238, 0.0014360365902067861, 0.0014468613434407162, 0.001535182087461697, 0.001100604241971858, 0.003260250964920968, 0.0015179833833406447, 0.0017344609086741693, 0.001370854434392997, 0.0038989368688561953, 0.001735926298987586, 0.0015628107474891003, 0.002916531673711492, 0.001549805432946654, 0.0015782535446697147, 0.0020492766474435337, 0.0023189144009770827, 0.0015156574396766956, 0.0016025326030588477, 0.0013806592809148133, 0.0012386306393450358, 0.0025408358257939107, 0.0017266943358666032, 0.0016897244080562378, 0.0018276537879909156, 0.002700075962155592, 0.001503472169096116, 0.001540217732449295, 0.0019527832674176898, 0.0017768471261553932, 0.0014383999456227758, 0.0018672287969895406, 0.0015122706685424783, 0.0016255940243955702, 0.0015990550702977926, 0.0014564422230110504, 0.002444416798629798, 0.001990645881250035, 0.0017752637246017111, 0.0014167236463613808, 0.0022496768975151936, 0.0013960212122034281, 0.0015636990609149215, 0.0016841583341021323, 0.0023905222339855974, 0.0020391648452081717, 0.001509045531966025, 0.0013264072945124935, 0.0013477015096866527, 0.0015884721173152793, 0.0025148105766177177, 0.0016190014077747472, 0.002396226904470008, 0.0014557933095485204, 0.002260326810943545, 0.004182393541156081, 0.0019284467272660695, 0.001537082273670123, 0.0015564255801331019, 0.0016641552116486709, 0.0017223602344632381, 0.001659388675598544, 0.0015049079322943, 0.0027119391103700035, 0.0012600143964338348, 0.0015339336875320878, 0.0013979218176745343, 0.0014024652275212576, 0.0016971288340837927, 0.001346380779536441, 0.0020442792336621786, 0.001392030511815101, 0.0014107105195956537, 0.0011740987207822036, 0.0017935360948760062, 0.0028021025978656254, 0.005506143837242853, 0.0015862465081793488, 0.0030753735845286865, 0.0016313375125005841, 0.0018787459567816695, 0.0014104986890377477, 0.0016027484720925569, 0.0014547381890350952, 0.0017329859540649922, 0.0017172135370339965, 0.001612539418248227, 0.0013219162380015477, 0.0015486644214382395, 0.001259312344571692, 0.001362935009360779, 0.005610460252381279, 0.0013411332331595477, 0.0017557552649809514, 0.0015921360541225876, 0.0014894898157471325, 0.0018019022305693943]}, "c_m": {"500_500": [0.0013689214566809825, 0.0015920063712224364, 0.0015880444616206224, 0.001959695879606763, 0.0014573994974378729, 0.0015715523452598135, 0.0016515998995827977, 0.0010900073278252967, 0.003278717971830396, 0.0015707726085132454, 0.0018399003635942936, 0.0015877713312484557, 0.003938565436412464, 0.001754195947506465, 0.001572384005703265, 0.0030005589535302716, 0.0016110022074109875, 0.0016068140374482609, 0.002065479836685234, 0.002320892562397057, 0.0015479741404588567, 0.0016460209827832877, 0.0013930575146458577, 0.0012998703769687564, 0.002607536815858446, 0.001745941361479694, 0.0018311577725160168, 0.001829048674740363, 0.002801651776614366, 0.0014110363299847813, 0.0015484777099851054, 0.002013670321629383, 0.0017406500644253102, 0.0015189793919420335, 0.0019258819557084934, 0.0015190189012464835, 0.00165511957955244, 0.001594201064028428, 0.0014808102212195517, 0.0025205702622461833, 0.002017042670644587, 0.0018205624439333332, 0.0014303645802319516, 0.002323843638575054, 0.0013991111124884337, 0.0017049896701863037, 0.0016898385381211992, 0.002456298920723377, 0.0021590726809795012, 0.0015266040199513082, 0.0012717037771927426, 0.0014154089662526967, 0.00156767127971421, 0.002536115578741068, 0.0016177592043643818, 0.002413709915764746, 0.0014972502841062378, 0.0023319063671366313, 0.004198855865977472, 0.0019189693616991862, 0.0015787786682589212, 0.0017065075069110608, 0.0016577582464900333, 0.0017966530172994826, 0.0016401793115328764, 0.0016798716038002167, 0.002778989140097285, 0.0012884820575444027, 0.0016204209208227694, 0.0015194349695265993, 0.0015059870756331366, 0.0017500905709040818, 0.0015168633726242698, 0.0021074183656487147, 0.0014074641689572017, 0.0013946311052973615, 0.0012204543396364897, 0.0018768353782655904, 0.0028574940644497983, 0.0054848066813605835, 0.0016378262839358067, 0.0030095587617151903, 0.0016571241979051847, 0.0019264280031921807, 0.0015035145814628341, 0.0016236318137992638, 0.0015786545483951922, 0.0018371784496020991, 0.0017381253017552663, 0.0016513392194483895, 0.0013938280741702764, 0.0016452778238425963, 0.001364279675464728, 0.0013766013351161964, 0.005617636231346405, 0.0013375586169189773, 0.0019321837074015057, 0.0016500319714613724, 0.0015161528724608943, 0.001773979541937122]},