{
  "m": {
    "500_100_0": [3.4804088176, 3.2688256513, 3.0755591182, 3.6645050100, 4.1526492986, 3.7997434870, 3.6450661323, 2.9661082164, 3.8165851703, 2.9917835671, 3.8203687375, 3.1524569138, 4.1187414830, 3.2116312625, 3.3845210421, 3.4654989980, 3.6278557114, 3.8859879760, 4.4201362725, 3.3617154309, 3.6282805611, 3.2599519038, 3.3509739479, 4.0195350701, 3.8015791583, 3.0833186373, 4.0709579158, 3.7732104208, 3.6753987976, 3.1982845691, 3.2870380762, 4.0513106212, 3.6043607214, 3.6253787575, 3.4681763527, 3.5437354709, 3.5231823647, 4.5841523046, 2.9429498998, 3.1034228457, 3.1336753507, 3.1692184369, 4.0653787575, 3.8635190381, 3.6236793587, 3.4055390782, 3.5143967936, 3.7815310621, 3.4266132265, 3.4159759519, 2.9903246493, 3.3510140281, 4.4394228457, 4.0141002004, 3.6241122244, 3.4728256513, 3.5855791583, 3.2163046092, 3.3978997996, 3.5873026052, 3.7400320641, 2.9885851703, 3.1650020040, 3.7845210421, 4.0850340681, 3.8032384770, 3.5623006012, 3.5505811623, 3.4462044088, 3.3019959920, 3.4682965932, 3.4884969940, 3.6212905812, 3.7360320641, 3.5322484970, 3.5752144289, 3.7682324649, 3.9796312625, 4.0779959920, 2.9346613226, 2.7287535070, 3.4613386774, 3.3648897796, 3.4568897796, 3.0922324649, 4.4317354709, 3.6155030060, 3.9680320641, 3.8924328657, 4.9375791583, 3.8541082164, 3.2539719439, 2.9732505010, 3.5020120240, 3.9464448898, 3.1714549098, 3.2338116232, 3.2034468938, 3.1517194389, 2.7228697395],
    "500_100_1": [3.7328416834, 3.3189899800, 3.0122164329, 3.6709739479, 4.2311503006, 3.8408577154, 3.8532745491, 2.9123927856, 4.0451062124, 3.2728977956, 3.8264529058, 3.7042645291, 4.0214749499, 3.2477995992, 3.2722004008, 3.3881683367, 3.7397995992, 4.0825250501, 4.3288977956, 3.3250981964, 3.8081202405, 3.7335551102, 3.5840080160, 4.0997755511, 3.7930901804, 3.2005370741, 4.2575070140, 4.2835030060, 3.6528336673, 3.3193907816, 3.5320320641, 3.6890741483, 3.4454909820, 3.9582525050, 3.4169699399, 3.6159919840, 3.2514869739, 4.6061803607, 3.0711583166, 3.3988456914, 3.0802484970, 3.2122805611, 4.4891222445, 4.3247054108, 3.4592304609, 3.2667414830, 3.4658196393, 3.6985250501, 3.5963126253, 3.4260280561, 3.0097795591, 3.4019318637, 4.8254669339, 4.1541803607, 3.6516793587, 3.6269498998, 3.7349498998, 3.3197755511, 3.4273827655, 3.8926332665, 3.7254909820, 2.7793987976, 3.1743086172, 4.0298917836, 4.2455070140, 4.1876472946, 3.6123286573, 3.5070140281, 3.6562725451, 3.3642565130, 3.7235991984, 3.2850581162, 3.7261402806, 3.8332985972, 3.6438236473, 3.4095551102, 3.6164969940, 4.0513346693, 4.0255470942, 3.0797515030, 3.1849619238, 3.6333066132, 3.4044168337, 3.4644809619, 3.2388216433, 4.5021883768, 3.8106132265, 4.0588296593, 3.7622204409, 5.2939799599, 4.1681603206, 3.2958316633, 2.9237675351, 3.7875991984, 3.9748537074, 3.1872064128, 3.3747254509, 3.2892104208, 3.2183647295, 3.0110541082]
  },
  "c": {
    "500_100_0": [3.5667494990, 3.2502525050, 3.0029018036, 3.6079519038, 3.5828937876, 3.2597274549, 3.5544769539, 3.1547414830, 3.2849939880, 3.6520240481, 3.3403527054, 3.1057635271, 3.5686813627, 3.2729458918, 2.9772905812, 3.0997354709, 2.9595751503, 4.0941963928, 3.8965851703, 3.3870861723, 3.3776513026, 3.3993186373, 3.3004408818, 3.6431422846, 3.5862525050, 3.0535470942, 3.9973146293, 3.5501643287, 4.0643206413, 2.9900040080, 3.3384769539, 3.6739318637, 3.5183006012, 3.6605050100, 3.2171783567, 3.2286012024, 3.2227334669, 3.6966573146, 2.8506452906, 3.3371623246, 3.2035911824, 3.4562244489, 3.6968657315, 4.0236392786, 3.5750781563, 3.6311182365, 3.4212424850, 3.1389418838, 3.5196953908, 3.6464128257, 2.7510701403, 3.1759759519, 4.0253787575, 3.8013707415, 3.4459879760, 3.2009218437, 3.6307815631, 3.0597915832, 3.2593907816, 3.0121362725, 3.9772424850, 3.3958076152, 2.9343967936, 3.2610340681, 4.1526733467, 3.4632064128, 3.2951663327, 3.4314949900, 2.9024448898, 3.1268537074, 3.1606813627, 3.1798476954, 3.3074869739, 3.8384609218, 3.3075911824, 2.6246653307, 3.4913987976, 3.8158557114, 3.6758957916, 2.9238797595, 2.8988537074, 3.6028537074, 2.8944769539, 3.1505651303, 3.0425571142, 4.2076312625, 3.3710541082, 3.8190621242, 3.5262204409, 4.2612505010, 3.6966893788, 2.7953587174, 3.0707494990, 3.3775791583, 3.7936993988, 3.4259078156, 3.2128977956, 3.1005851703, 3.0173226453, 2.5093547094],
    "500_100_1": [3.6295390782, 3.3369939880, 3.0239198397, 3.7065811623, 3.7239278557, 3.2348136273, 3.6512705411, 3.2325931864, 3.4344849699, 3.5541643287, 3.3314148297, 3.1973867735, 3.5973466934, 3.3390541082, 3.2961362725, 3.2958717435, 2.9889138277, 4.3034949900, 4.2670621242, 3.3555591182, 3.3773226453, 3.5563767535, 3.2875030060, 3.7454589178, 3.5772585170, 3.1230781563, 4.1430701403, 3.6917835671, 4.1010260521, 3.1966492986, 3.2938116232, 3.7967535070, 3.4331623246, 3.7702124248, 3.2251783567, 3.3556953908, 3.3617635271, 3.8275911824, 2.9921122244, 3.3721202405, 3.2330581162, 3.4951663327, 3.8008496994, 3.9648256513, 3.8388136273, 3.5870300601, 3.3998557114, 3.6390541082, 3.5778276553, 3.6687054108, 2.7726893788, 3.2655631263, 4.0559759519, 3.9281442886, 3.4916633267, 3.2662124248, 3.7093066132, 3.1941402806, 3.3338997996, 3.1773947896, 4.2086492986, 3.4152625251, 3.1088336673, 3.2584208417, 4.2289619238, 3.4226372745, 3.2772104208, 3.6006573146, 2.9836232465, 3.1764649299, 3.2861322645, 3.3773547094, 3.3149739479, 3.7988296593, 3.3096993988, 2.8309899800, 3.5768416834, 3.8516312625, 3.7893146293, 3.0194629259, 3.0075751503, 3.6515270541, 3.1129378758, 3.3204488978, 3.1197034068, 4.1812745491, 3.2168016032, 3.7816593186, 3.4611222445, 4.3269018036, 3.5730340681, 2.7864689379, 3.1483126253, 3.5351503006, 3.9296352705, 3.4416192385, 3.2592945892, 3.2576913828, 3.1663166333, 2.5558156313]
  },
  "c_m": {
    "500_100_0": [3.5776673347, 2.9992304609, 2.7106613226, 3.4039839679, 3.9520320641, 3.6045931864, 3.6485931864, 2.8812985972, 3.6952224449, 3.4315110220, 3.7242404810, 3.4933627255, 3.8263166333, 3.0964008016, 3.1980360721, 3.1470861723, 3.1649138277, 3.7709338677, 4.2065410822, 3.3701883768, 3.2734589178, 3.5017795591, 3.2454268537, 3.4875030060, 3.9542044088, 2.9255791583, 4.1697555110, 3.8433186373, 3.8109098196, 2.8901162325, 3.6819879760, 3.5164809619, 3.7819478958, 3.7846653307, 3.3741643287, 3.0587094188, 3.5365611222, 4.5303166333, 3.3266452906, 3.1020120240, 3.0450981964, 3.4324569138, 3.8861963928, 3.8230380762, 3.7491543086, 3.3311663327, 3.9152144289, 3.6069659319, 3.5293466934, 3.5559278557, 3.0759438878, 3.5717194389, 4.2513346693, 3.5255711423, 3.7078076152, 3.3577074148, 3.7537635271, 3.3235591182, 3.7491222445, 3.6831022044, 3.5447214429, 3.1646172345, 3.1255230461, 3.4321362725, 4.5290901804, 3.5211222445, 3.6504769539, 3.4421002004, 3.2156472946, 3.2391182365, 3.6807695391, 3.2091142285, 3.6242244489, 3.6555270541, 3.5077595190, 3.2255711423, 3.6130741483, 3.7771943888, 3.5511583166, 2.9040721443, 2.7728977956, 3.4926492986, 3.2885450902, 3.0926332665, 3.2360641283, 4.0918637275, 3.4417074148, 3.7832064128, 3.7609539078, 4.7625330661, 4.1745410822, 2.9906132265, 3.2696352705, 3.8224368737, 4.0629979960, 3.6507494990, 3.5540921844, 3.0336032064, 3.3010100200, 2.9088496994],