{
  "m": {
    "500_100_0": [0.0177753349, 0.0208471523, 0.0166833184, 0.0191187564, 0.0202440980, 0.0187122003, 0.0190749077, 0.0145613976, 0.0173404057, 0.0171693821, 0.0193037471, 0.0182598987, 0.0204310934, 0.0165617052, 0.0177468127, 0.0183981087, 0.0160492641, 0.0202924977, 0.0204081240, 0.0178334341, 0.0204934045, 0.0183315917, 0.0171088029, 0.0187075277, 0.0179228157, 0.0165767350, 0.0186225858, 0.0191957001, 0.0186286480, 0.0209218493, 0.0167982229, 0.0191130727, 0.0162614953, 0.0185227645, 0.0170976350, 0.0164343081, 0.0199984208, 0.0198943522, 0.0200540903, 0.0165968540, 0.0183998195, 0.0193652738, 0.0197032935, 0.0196867195, 0.0194108817, 0.0174040930, 0.0192640515, 0.0194257208, 0.0209121635, 0.0183504732, 0.0158039237, 0.0232332391, 0.0228065935, 0.0192507946, 0.0224526759, 0.0200694037, 0.0176117278, 0.0207582178, 0.0202733941, 0.0178074925, 0.0191065326, 0.0209314378, 0.0165236460, 0.0210261008, 0.0210836448, 0.0176218624, 0.0182776893, 0.0165544204, 0.0161303816, 0.0146890257, 0.0179464881, 0.0159268175, 0.0193790426, 0.0204196100, 0.0155145330, 0.0177764024, 0.0208953376, 0.0224520891, 0.0198600568, 0.0159816874, 0.0165342760, 0.0154717659, 0.0167883371, 0.0182772901, 0.0130566792, 0.0191937084, 0.0188037325, 0.0195992121, 0.0195641932, 0.0216796285, 0.0187718249, 0.0174801044, 0.0224167804, 0.0176123429, 0.0177616735, 0.0161947423, 0.0186277101, 0.0157936517, 0.0140598021, 0.0151618110],
    "500_100_1": [0.0177451547, 0.0207148945, 0.0168418140, 0.0191347853, 0.0200862761, 0.0185128886, 0.0190475567, 0.0144191553, 0.0174748928, 0.0170577624, 0.0191708666, 0.0187151336, 0.0202578200, 0.0166050814, 0.0175732645, 0.0183935573, 0.0159539135, 0.0202655951, 0.0201166873, 0.0176569478, 0.0203652633, 0.0181539606, 0.0169253424, 0.0185841213, 0.0177707380, 0.0164915870, 0.0184544564, 0.0192083825, 0.0184157484, 0.0207937110, 0.0170531010, 0.0187963785, 0.0162587619, 0.0183826348, 0.0169460903, 0.0162544165, 0.0199682467, 0.0197933056, 0.0199682945, 0.0164777574, 0.0182917970, 0.0191836544, 0.0194765684, 0.0195768281, 0.0197641045, 0.0173281619, 0.0191388417, 0.0192608126, 0.0209047148, 0.0185431206, 0.0156929570, 0.0231475089, 0.0227248378, 0.0190924529, 0.0221987085, 0.0199653475, 0.0175087090, 0.0207649761, 0.0201422471, 0.0175014881, 0.0189903739, 0.0209311891, 0.0164456418, 0.0208472706, 0.0207194867, 0.0177023853, 0.0181364084, 0.0164351977, 0.0161006317, 0.0145709612, 0.0181169818, 0.0158563596, 0.0194281081, 0.0203816400, 0.0154005885, 0.0177546123, 0.0208173500, 0.0222650953, 0.0197044508, 0.0159376421, 0.0165432785, 0.0154425402, 0.0165792965, 0.0182340663, 0.0139629408, 0.0189983589, 0.0186953202, 0.0194783011, 0.0196991475, 0.0215197264, 0.0188677167, 0.0172679053, 0.0223071950, 0.0175017152, 0.0176988665, 0.0160774966, 0.0184991708, 0.0155719306, 0.0140075225, 0.0150761415]
  },
  "c": {
    "500_100_0": [0.0159349447, 0.0178762097, 0.0155847296, 0.0172102831, 0.0183750763, 0.0162938528, 0.0172388895, 0.0119025359, 0.0148238600, 0.0147428816, 0.0166660555, 0.0166035866, 0.0178128191, 0.0154197734, 0.0144481955, 0.0153421236, 0.0126407376, 0.0181363612, 0.0179651999, 0.0147113042, 0.0184347597, 0.0164729627, 0.0156364389, 0.0148801576, 0.0151583749, 0.0146004018, 0.0167687215, 0.0172979494, 0.0161564308, 0.0187975171, 0.0150278302, 0.0154899520, 0.0146769064, 0.0172392445, 0.0158908025, 0.0133204173, 0.0171820851, 0.0177417861, 0.0165868237, 0.0158229027, 0.0155931155, 0.0175924067, 0.0180132652, 0.0170896973, 0.0183978742, 0.0161145559, 0.0165880413, 0.0173510901, 0.0179525864, 0.0168030557, 0.0129077555, 0.0188272375, 0.0203928056, 0.0175109163, 0.0201914669, 0.0164363322, 0.0156904713, 0.0183015860, 0.0173193565, 0.0156266957, 0.0159381312, 0.0173893314, 0.0135362717, 0.0177535851, 0.0186814921, 0.0156326512, 0.0156079986, 0.0128280314, 0.0140912924, 0.0121972100, 0.0167236986, 0.0140508070, 0.0163513814, 0.0178557316, 0.0111860500, 0.0153151666, 0.0192215282, 0.0200595379, 0.0169872605, 0.0136896199, 0.0147689836, 0.0117605668, 0.0133430124, 0.0135175748, 0.0079676385, 0.0174103645, 0.0156332579, 0.0171869260, 0.0171332678, 0.0193180298, 0.0162723835, 0.0129852161, 0.0167189695, 0.0162202976, 0.0161598024, 0.0140669305, 0.0144786816, 0.0126165117, 0.0082967632, 0.0126638816],
    "500_100_1": [0.0161237263, 0.0178047539, 0.0154053096, 0.0172422492, 0.0182767552, 0.0162624573, 0.0173839837, 0.0119212109, 0.0156064733, 0.0145816753, 0.0165462417, 0.0165293918, 0.0178997435, 0.0154396454, 0.0149022127, 0.0153056759, 0.0125658949, 0.0180841100, 0.0182023875, 0.0147151207, 0.0186622811, 0.0164639205, 0.0155816011, 0.0148275877, 0.0150158044, 0.0145182908, 0.0171967625, 0.0171947479, 0.0160337811, 0.0186387183, 0.0147727250, 0.0152787659, 0.0151789161, 0.0173600246, 0.0157368279, 0.0133700286, 0.0175174068, 0.0180468536, 0.0164754646, 0.0157273439, 0.0154372701, 0.0174431032, 0.0178377499, 0.0172045809, 0.0183719178, 0.0159121212, 0.0166901325, 0.0174337293, 0.0180060042, 0.0167582373, 0.0130427337, 0.0189639958, 0.0202126650, 0.0174301444, 0.0201111034, 0.0162526913, 0.0157115093, 0.0183887789, 0.0171342110, 0.0154378010, 0.0160242251, 0.0171273409, 0.0134694959, 0.0175811110, 0.0185464093, 0.0158876820, 0.0154752244, 0.0132107564, 0.0140681834, 0.0123420016, 0.0166332590, 0.0141933230, 0.0165149592, 0.0178779023, 0.0114592574, 0.0153287615, 0.0191094838, 0.0199944877, 0.0170239225, 0.0137165377, 0.0146470330, 0.0117385490, 0.0133734189, 0.0135566109, 0.0077107474, 0.0174372306, 0.0155685310, 0.0170703903, 0.0169789636, 0.0190985486, 0.0161461236, 0.0129385441, 0.0167227411, 0.0161189441, 0.0159500454, 0.0140145016, 0.0148765850, 0.0127525618, 0.0084548756, 0.0124841951]
  },
  "c_m": {
    "500_100_0": [0.0178770201, 0.0207247043, 0.0176492067, 0.0189494821, 0.0198667347, 0.0188287305, 0.0192307794, 0.0151451282, 0.0173527566, 0.0180431221, 0.0189024622, 0.0181767501, 0.0203896032, 0.0167291520, 0.0179691298, 0.0180857181, 0.0149056028, 0.0198826785, 0.0203251449, 0.0172183230, 0.0207039956, 0.0186559750, 0.0168337307, 0.0176183592, 0.0179578547, 0.0162319489, 0.0188602375, 0.0195369563, 0.0190985388, 0.0212658297, 0.0175706101, 0.0187623148, 0.0168123664, 0.0188910686, 0.0174066053, 0.0169434116, 0.0202795905, 0.0200299671, 0.0207925582, 0.0168106264, 0.0180174045, 0.0192773602, 0.0197718998, 0.0193824908, 0.0200209192, 0.0175157309, 0.0190747518, 0.0195665531, 0.0214043516, 0.0188236957, 0.0161392460, 0.0230943149, 0.0232994090, 0.0194619710, 0.0225122587, 0.0206884192, 0.0179720475, 0.0207404564, 0.0200488880, 0.0182016987, 0.0186031207, 0.0209462814, 0.0163051971, 0.0204541631, 0.0208714837, 0.0179491637, 0.0178307887, 0.0162920162, 0.0160697815, 0.0150201841, 0.0185478452, 0.0158977791, 0.0192905364, 0.0211819793, 0.0156329437, 0.0181572671, 0.0206644835, 0.0222901525, 0.0196111788, 0.0157460352, 0.0162562816, 0.0143084523, 0.0164982168, 0.0177248380, 0.0141601233, 0.0197680055, 0.0177167552, 0.0195187712, 0.0195957675, 0.0219955238, 0.0188049660, 0.0175552761, 0.0225845469, 0.0180072698, 0.0184559375, 0.0160715004, 0.0183415693, 0.0154149222, 0.0145947260, 0.0152425593],