{
  "m": {
    "500_100_0": [12.0268537074, 10.3654028056, 10.8253547094, 12.7538276553, 9.9489859719, 9.5110220441, 9.9152945892, 12.6728577154, 12.8018597194, 11.1774108216, 10.8838476954, 9.3317595190, 10.1620681363, 10.4681683367, 11.2700440882, 12.1395030060, 13.3276633267, 11.0481603206, 11.0590861723, 10.0047214429, 13.0528016032, 11.6632064128, 10.4557675351, 9.9568336673, 12.6730901804, 15.0525450902, 9.9974829659, 9.0632545090, 11.0397274549, 10.9840561122, 13.1162725451, 12.3682164329, 13.4428777555, 11.0530100200, 12.6259799599, 11.2438877756, 10.2563847695, 9.3732104208, 9.4048737475, 10.1972344689, 10.0258757515, 10.3123126253, 11.0895711423, 13.9925931864, 8.9096352705, 11.3586132265, 10.2325771543, 12.5861963928, 9.6680000000, 9.9196232465, 11.2500681363, 9.8052344689, 11.8240961924, 11.2498517034, 14.9953907816, 12.8989819639, 12.7893707415, 10.3938196393, 12.0898116232, 10.5383246493, 10.6958957916, 11.6592384770, 11.1246893788, 10.4031022044, 12.0116873747, 11.6002645291, 8.7896913828, 15.9862925852, 10.6257074148, 13.0393266533, 11.0458036072, 11.1611863727, 12.8517274549, 11.1323687375, 13.6277835671, 11.3028296593, 10.8545811623, 11.5789018036, 9.7209298597, 11.3358877756, 11.6744128257, 11.4921603206, 10.9534268537, 11.2929138277, 11.3382044088, 10.8596953908, 11.9654669339, 9.7258917836, 11.1008096192, 12.5763687375, 13.1755430862, 12.7945410822, 13.1905651303, 10.9513667335, 11.7923927856, 8.7580921844, 10.3192384770, 10.3790781563, 11.8835591182, 11.3811783567],
    "500_100_1": [11.9334108216, 10.3304929860, 10.7166252505, 12.8528817635, 10.0711262525, 9.5309098196, 9.6348937876, 13.1574428858, 12.7281603206, 11.2281282565, 11.1495310621, 9.0971462926, 9.9839438878, 10.3484328657, 11.0635030060, 11.8956392786, 13.4171382766, 11.1727294589, 11.1054509018, 9.8109498998, 12.9513426854, 11.5549098196, 10.4591983968, 9.9596072144, 12.8147334669, 15.5797595190, 10.0716312625, 9.2230140281, 11.1176032064, 11.0070060120, 13.0562645291, 12.1661482966, 13.4471663327, 11.0974989980, 12.6200721443, 11.0437755511, 10.1437835671, 9.5631903808, 9.4452104208, 10.2739238477, 10.1443767535, 10.1704929860, 10.5069979960, 13.7777474950, 8.9578356713, 11.3043847695, 9.9739639279, 12.5979799599, 9.8298917836, 9.7725450902, 11.0885691383, 9.8607935872, 11.5627254509, 11.0362725451, 14.5755270541, 13.0623887776, 12.6584769539, 10.5280641283, 12.2748617234, 10.5527695391, 10.6138917836, 11.3980040080, 11.0463967936, 10.3548857715, 12.0670060120, 12.0356713427, 8.7371062124, 16.1466933868, 10.2868697395, 12.8848096192, 11.0522725451, 11.1663647295, 13.1863326653, 11.4489298597, 13.2229338677, 11.0433346693, 10.3665250501, 11.5639919840, 9.7872545090, 11.3363366733, 11.7066292585, 11.4289298597, 10.9968817635, 11.5705651303, 10.7475991984, 10.8846012024, 12.1758236473, 9.8937635271, 11.0097474950, 12.5998797595, 13.4533787575, 12.7938677355, 12.6939478958, 10.9475831663, 11.9622284569, 8.8955911824, 10.1552865731, 10.5067815631, 11.9473747495, 11.4464689379]
  },
  "c": {
    "500_100_0": [12.1639679359, 11.4095631263, 10.6338917836, 13.0488096192, 10.2608897796, 10.1791342685, 9.8991102204, 13.5115831663, 12.9252825651, 11.2701242485, 11.1247054108, 9.1286573146, 9.9730901804, 10.4871983968, 11.5785330661, 12.1056593186, 13.9785891784, 10.9558637275, 10.6817875752, 10.0415551102, 13.6185010020, 11.4964889780, 10.7622925852, 9.4898917836, 12.9600801603, 15.0518957916, 9.8427414830, 9.5133226453, 11.2217234469, 11.2009619238, 13.5193747495, 12.5045611222, 13.6490661323, 11.0988937876, 12.6495310621, 11.9721923848, 10.3347575150, 8.4016272545, 9.0653787575, 10.2547735471, 10.0416833667, 11.1241923848, 10.7367935872, 14.3986132265, 9.4531062124, 11.6953987976, 9.8001042084, 12.9839599198, 9.8410100200, 9.8327535070, 11.3809699399, 10.3292344689, 12.0472545090, 11.3207054108, 14.5765851703, 14.1089218437, 12.8040561122, 10.7068136273, 12.4525210421, 10.9401282565, 11.3436392786, 11.9860360721, 11.4521362725, 10.9219158317, 12.0244729459, 11.9048977956, 8.6831983968, 17.1133787575, 10.2439118236, 13.5439679359, 10.9716232465, 11.1832064128, 13.8390300601, 11.8140040080, 14.0848176353, 10.5998316633, 10.3134669339, 11.3920801603, 10.1651543086, 11.4791262525, 11.3185971944, 12.1947895792, 11.5311823647, 12.0254509018, 11.0153346693, 11.6387414830, 12.4545811623, 9.8180280561, 10.9623727455, 12.9351663327, 13.3773947896, 14.2218917836, 14.8001603206, 11.0334829659, 11.5022364729, 8.7635991984, 11.0437354709, 10.3024208417, 13.1131943888, 11.9429498998],
    "500_100_1": [11.9307815631, 11.2295070140, 10.5926332665, 13.0227895792, 10.1932104208, 10.2349178357, 9.7636633267, 13.2990220441, 12.7439358717, 11.1517835671, 10.9780841683, 8.7931462926, 9.9228777555, 10.7816833667, 11.3411543086, 11.8263006012, 14.1450260521, 10.8764408818, 10.7416032064, 9.7150220441, 13.7030861723, 11.6727454910, 10.5605611222, 9.4019959920, 13.0809939880, 15.0168817635, 9.6449779559, 8.6535951904, 11.3372184369, 11.2831422846, 13.6196713427, 12.3122565130, 13.7058036072, 10.9879358717, 12.4875671343, 11.9137635271, 10.5590621242, 8.7066212425, 9.1605851703, 10.4416833667, 9.9090821643, 10.8680641283, 10.8033186373, 14.1576112224, 9.3922645291, 11.3874228457, 9.7318557114, 12.8099318637, 9.9014909820, 9.9126332665, 11.3512144289, 10.3071823647, 11.7561282565, 11.1901482966, 14.6625330661, 13.9403126253, 12.8839118236, 10.3597114228, 12.4121763527, 10.6658997996, 11.2877515030, 11.9275350701, 11.1807294589, 11.1151503006, 12.2904689379, 11.7755110220, 8.6389579158, 16.7924408818, 10.2961122244, 13.4033747495, 11.0058196393, 11.2307414830, 13.1204088176, 11.5482965932, 14.0974989980, 10.3700040080, 10.2925050100, 11.3831182365, 9.6789819639, 11.3861482966, 11.5074709419, 12.0667494990, 11.3395911824, 12.1437274549, 11.4299719439, 11.3326973948, 12.4893787575, 10.0008096192, 11.0661242485, 13.3077034068, 13.4953106212, 14.1578997996, 14.7164729459, 11.1162164329, 11.7808256513, 8.8032384770, 10.9933066132, 10.3015390782, 13.2131623246, 12.1363286573]
  },
  "c_m": {
    "500_100_0": [12.0262364729, 10.8479839679, 10.2618597194, 13.3539398798, 10.1216753507, 9.5247535070, 9.8817955912, 12.4014188377, 12.4597755511, 10.9115751503, 11.3097955912, 9.2258276553, 10.2458116232, 10.4956553106, 11.0540200401, 11.5105010020, 13.5274789579, 10.8869178357, 10.7714549098, 9.9789018036, 13.4602484970, 11.6099318637, 10.3883446894, 9.3281763527, 12.9599919840, 14.9163446894, 10.0846332665, 9.5794468938, 11.2129539078, 10.7353667335, 13.0292104208, 12.2911022044, 13.3925450902, 11.3611382766, 12.2705731463, 11.1212264529, 10.2446813627, 9.3305891784, 8.8478557114, 10.2595190381, 10.1986693387, 10.8339879760, 10.8389498998, 14.1349018036, 9.2877194389, 11.6013627255, 9.6676072144, 12.6548456914, 9.6859959920, 9.9669098196, 11.0044729459, 9.8871262525, 11.4510621242, 11.1497555110, 14.5071663327, 13.2558316633, 12.7752545090, 10.6944448898, 11.6981643287, 10.3614028056, 11.0125370741, 11.0943406814, 11.3511262525, 10.6882084168, 12.3416753507, 11.8896272545, 8.6297955912, 15.8203527054, 9.8815070140, 12.9501963928, 11.3101643287, 10.8791022044, 13.2908697395, 11.6507575150, 14.0069258517, 10.2924809619, 10.2564488978, 11.2684969940, 9.7445851703, 11.5474068136, 11.8407855711, 12.0354308617, 11.4427895792, 11.6857074148, 10.9475030060, 11.0108376754, 12.0523446894, 9.7689859719, 10.9030781563, 12.6712064128, 13.0224849699, 13.0461082164, 12.7749018036, 11.3537474950, 11.9782605210, 9.0843527054, 10.5342525050, 10.2682004008, 12.0740280561, 11.2019478958],