{
  "m": {
    "500_100_0": [0.0167700000, 0.0210400000, 0.0204800000, 0.0180100000, 0.0172900000, 0.0186000000, 0.0160200000, 0.0197600000, 0.0195700000, 0.0197700000, 0.0177500000, 0.0188100000, 0.0193100000, 0.0187900000, 0.0209900000, 0.0195500000, 0.0200900000, 0.0162300000, 0.0189800000, 0.0181600000, 0.0181200000, 0.0190500000, 0.0178200000, 0.0223900000, 0.0187700000, 0.0170200000, 0.0174200000, 0.0200600000, 0.0200400000, 0.0200400000, 0.0193200000, 0.0206700000, 0.0187200000, 0.0169200000, 0.0193500000, 0.0185300000, 0.0185500000, 0.0193700000, 0.0186900000, 0.0183800000, 0.0198000000, 0.0185400000, 0.0182800000, 0.0178400000, 0.0170800000, 0.0183900000, 0.0189500000, 0.0181600000, 0.0191400000, 0.0162300000, 0.0185500000, 0.0200500000, 0.0196600000, 0.0182500000, 0.0183600000, 0.0209900000, 0.0189700000, 0.0187400000, 0.0180000000, 0.0186200000, 0.0181900000, 0.0190600000, 0.0179800000, 0.0189700000, 0.0190800000, 0.0186000000, 0.0186500000, 0.0180500000, 0.0203600000, 0.0194600000, 0.0192200000, 0.0186200000, 0.0198400000, 0.0203000000, 0.0202800000, 0.0202600000, 0.0194100000, 0.0186300000, 0.0201200000, 0.0181100000, 0.0169000000, 0.0186800000, 0.0200600000, 0.0202900000, 0.0199800000, 0.0191900000, 0.0196800000, 0.0192200000, 0.0183700000, 0.0185300000, 0.0180000000, 0.0197500000, 0.0175100000, 0.0181400000, 0.0193700000, 0.0176300000, 0.0190400000, 0.0201400000, 0.0189100000, 0.0219800000],
    "500_100_1": [0.0174000000, 0.0209600000, 0.0203200000, 0.0179800000, 0.0175400000, 0.0188100000, 0.0165800000, 0.0195900000, 0.0200900000, 0.0209800000, 0.0176400000, 0.0203900000, 0.0187100000, 0.0191300000, 0.0207900000, 0.0189600000, 0.0202200000, 0.0168500000, 0.0183400000, 0.0179800000, 0.0185900000, 0.0202300000, 0.0185500000, 0.0223900000, 0.0187000000, 0.0173900000, 0.0179600000, 0.0214500000, 0.0198300000, 0.0203000000, 0.0195900000, 0.0195600000, 0.0182100000, 0.0179200000, 0.0185900000, 0.0187900000, 0.0175700000, 0.0192300000, 0.0191900000, 0.0194600000, 0.0194900000, 0.0184800000, 0.0193800000, 0.0192500000, 0.0166100000, 0.0181000000, 0.0188100000, 0.0178500000, 0.0197000000, 0.0160100000, 0.0185200000, 0.0200100000, 0.0206300000, 0.0187200000, 0.0184300000, 0.0214400000, 0.0192100000, 0.0189400000, 0.0180400000, 0.0194000000, 0.0179500000, 0.0183400000, 0.0176900000, 0.0197500000, 0.0195300000, 0.0196700000, 0.0187800000, 0.0180200000, 0.0210200000, 0.0197100000, 0.0198100000, 0.0181900000, 0.0202000000, 0.0206000000, 0.0209100000, 0.0195400000, 0.0190000000, 0.0188200000, 0.0199300000, 0.0184900000, 0.0185600000, 0.0190900000, 0.0199900000, 0.0204000000, 0.0189700000, 0.0192800000, 0.0201800000, 0.0194700000, 0.0182500000, 0.0193800000, 0.0189400000, 0.0197100000, 0.0177600000, 0.0187900000, 0.0193100000, 0.0177000000, 0.0193100000, 0.0199700000, 0.0189300000, 0.0232900000]
  },
  "c": {
    "500_100_0": [0.0170200000, 0.0216700000, 0.0193400000, 0.0177600000, 0.0152800000, 0.0177100000, 0.0155500000, 0.0221600000, 0.0182900000, 0.0223800000, 0.0166100000, 0.0196400000, 0.0166700000, 0.0191200000, 0.0223900000, 0.0190400000, 0.0208100000, 0.0168300000, 0.0168900000, 0.0190700000, 0.0173400000, 0.0199700000, 0.0182600000, 0.0223200000, 0.0194900000, 0.0171800000, 0.0172300000, 0.0191700000, 0.0207600000, 0.0193900000, 0.0198100000, 0.0203500000, 0.0192600000, 0.0167000000, 0.0179100000, 0.0196600000, 0.0195200000, 0.0170400000, 0.0207200000, 0.0196100000, 0.0209600000, 0.0195000000, 0.0173800000, 0.0185700000, 0.0170700000, 0.0187000000, 0.0191200000, 0.0166700000, 0.0195600000, 0.0167400000, 0.0193800000, 0.0215500000, 0.0192600000, 0.0177900000, 0.0183500000, 0.0229100000, 0.0193800000, 0.0186500000, 0.0188900000, 0.0180400000, 0.0190900000, 0.0227900000, 0.0189000000, 0.0187600000, 0.0193000000, 0.0185700000, 0.0182400000, 0.0193700000, 0.0191800000, 0.0209500000, 0.0182700000, 0.0185600000, 0.0205100000, 0.0210000000, 0.0237000000, 0.0175100000, 0.0187000000, 0.0177400000, 0.0186200000, 0.0191200000, 0.0186600000, 0.0211600000, 0.0199400000, 0.0238300000, 0.0220900000, 0.0181400000, 0.0213100000, 0.0188600000, 0.0175400000, 0.0162500000, 0.0180000000, 0.0219300000, 0.0235800000, 0.0173300000, 0.0189800000, 0.0189800000, 0.0215900000, 0.0211200000, 0.0228100000, 0.0221200000],
    "500_100_1": [0.0171700000, 0.0219200000, 0.0194800000, 0.0178800000, 0.0157400000, 0.0175500000, 0.0157000000, 0.0225600000, 0.0179600000, 0.0221200000, 0.0167000000, 0.0198000000, 0.0165900000, 0.0191500000, 0.0232900000, 0.0193000000, 0.0210100000, 0.0173300000, 0.0176800000, 0.0188600000, 0.0173300000, 0.0203400000, 0.0182400000, 0.0225400000, 0.0194900000, 0.0174000000, 0.0175200000, 0.0196000000, 0.0210300000, 0.0200200000, 0.0195700000, 0.0205300000, 0.0184900000, 0.0169600000, 0.0177900000, 0.0198900000, 0.0198400000, 0.0169200000, 0.0212200000, 0.0196000000, 0.0212000000, 0.0198200000, 0.0176800000, 0.0184400000, 0.0177600000, 0.0183600000, 0.0190800000, 0.0178600000, 0.0197400000, 0.0167900000, 0.0191300000, 0.0218900000, 0.0192500000, 0.0181000000, 0.0186100000, 0.0230800000, 0.0195200000, 0.0192500000, 0.0195200000, 0.0184600000, 0.0196500000, 0.0228200000, 0.0192100000, 0.0186600000, 0.0193700000, 0.0185200000, 0.0182600000, 0.0194400000, 0.0196700000, 0.0213600000, 0.0185900000, 0.0192500000, 0.0198700000, 0.0210800000, 0.0232900000, 0.0181800000, 0.0189300000, 0.0177100000, 0.0188700000, 0.0193400000, 0.0191500000, 0.0212800000, 0.0207500000, 0.0247200000, 0.0223300000, 0.0180600000, 0.0208800000, 0.0187400000, 0.0174100000, 0.0163100000, 0.0177200000, 0.0217800000, 0.0241000000, 0.0178000000, 0.0192200000, 0.0188200000, 0.0214300000, 0.0215100000, 0.0235400000, 0.0223400000]
  },
  "c_m": {
    "500_100_0": [0.0171400000, 0.0195800000, 0.0181100000, 0.0175700000, 0.0165800000, 0.0180900000, 0.0158400000, 0.0183600000, 0.0183100000, 0.0203900000, 0.0176300000, 0.0202500000, 0.0172700000, 0.0181000000, 0.0208100000, 0.0181700000, 0.0202500000, 0.0158800000, 0.0177800000, 0.0184500000, 0.0167600000, 0.0193900000, 0.0175100000, 0.0204400000, 0.0196300000, 0.0169600000, 0.0180300000, 0.0203400000, 0.0202300000, 0.0185200000, 0.0201200000, 0.0188500000, 0.0188400000, 0.0170100000, 0.0180700000, 0.0170600000, 0.0186200000, 0.0192300000, 0.0191900000, 0.0187600000, 0.0198600000, 0.0191700000, 0.0182300000, 0.0178800000, 0.0170900000, 0.0176900000, 0.0205300000, 0.0179500000, 0.0195200000, 0.0162600000, 0.0180400000, 0.0199400000, 0.0188000000, 0.0171300000, 0.0186300000, 0.0203800000, 0.0195400000, 0.0187800000, 0.0192700000, 0.0186300000, 0.0177200000, 0.0200000000, 0.0193700000, 0.0177100000, 0.0200800000, 0.0176800000, 0.0188900000, 0.0177200000, 0.0193800000, 0.0190200000, 0.0193600000, 0.0176500000, 0.0201800000, 0.0194700000, 0.0205700000, 0.0186800000, 0.0189900000, 0.0182300000, 0.0181900000, 0.0178700000, 0.0176500000, 0.0206800000, 0.0202800000, 0.0197400000, 0.0180900000, 0.0182400000, 0.0209300000, 0.0189900000, 0.0183100000, 0.0178400000, 0.0189600000, 0.0189700000, 0.0186900000, 0.0181700000, 0.0192300000, 0.0189700000, 0.0207300000, 0.0192200000, 0.0198500000, 0.0226100000],