{"SCITE-RNA": {"50_500": {"": [0.02792, 0.02704, 0.02988, 0.0308, 0.03296, 0.03398, 0.02936, 0.03088, 0.03258, 0.03216, 0.03186, 0.03044, 0.02924, 0.0317, 0.02918, 0.03148, 0.03032, 0.02988, 0.03194, 0.03298, 0.03658, 0.0282, 0.029, 0.03248, 0.03326, 0.03376, 0.02944, 0.02882, 0.03316, 0.02816, 0.03202, 0.0333, 0.03588, 0.02878, 0.03116, 0.02994, 0.02926, 0.0277, 0.03324, 0.02968, 0.034, 0.02802, 0.02752, 0.03454, 0.03104, 0.02824, 0.03082, 0.0335, 0.02794, 0.03118, 0.02954, 0.03128, 0.03226, 0.03098, 0.03444, 0.02916, 0.02594, 0.03162, 0.0267, 0.03022, 0.03096, 0.0321, 0.0337, 0.03108, 0.0309, 0.02936, 0.03256, 0.02864, 0.0274, 0.02974, 0.02982, 0.03044, 0.03568, 0.02986, 0.03258, 0.0319, 0.03202, 0.03048, 0.02808, 0.0303, 0.0301, 0.03004, 0.03202, 0.03264, 0.03238, 0.03286, 0.03232, 0.02954, 0.02694, 0.03146, 0.02826, 0.02786, 0.0308, 0.03052, 0.0267, 0.0285, 0.02802, 0.02622, 0.0341, 0.02658], "5": [0.03408, 0.0375, 0.03558, 0.03308, 0.03336, 0.0406, 0.03712, 0.0331, 0.0365, 0.03662, 0.03592, 0.03264, 0.03336, 0.02978, 0.03348, 0.03274, 0.03208, 0.03508, 0.0324, 0.02982, 0.03478, 0.0328, 0.03794, 0.03156, 0.03138, 0.03314, 0.03318, 0.03264, 0.034, 0.03266, 0.0368, 0.03414, 0.03302, 0.03356, 0.03482, 0.03408, 0.03526, 0.03906, 0.0371, 0.03536, 0.03262, 0.03102, 0.0329, 0.03508, 0.03376, 0.0356, 0.0334, 0.03924, 0.03298, 0.03328, 0.03074, 0.03674, 0.0326, 0.03282, 0.03336, 0.03414, 0.03238, 0.03526, 0.03348, 0.03256, 0.03294, 0.03872, 0.02918, 0.03592, 0.03886, 0.0333, 0.0305, 0.03386, 0.03188, 0.0323, 0.03158, 0.0374, 0.03278, 0.03304, 0.0357, 0.03598, 0.03018, 0.03154, 0.03592, 0.03202, 0.03558, 0.03618, 0.03396, 0.0349, 0.03752, 0.03582, 0.03144, 0.03314, 0.03426, 0.0306, 0.035, 0.03322, 0.03412, 0.0362, 0.03658, 0.03698, 0.03782, 0.03278, 0.03326, 0.03186], "10": [0.03296, 0.03038, 0.0338, 0.0322, 0.03126, 0.03618, 0.03438, 0.03246, 0.03184, 0.03176, 0.02716, 0.03248, 0.03048, 0.03102, 0.03322, 0.03378, 0.03302, 0.0321, 0.03246, 0.0297, 0.03426, 0.0319, 0.03578, 0.0308, 0.0316, 0.02992, 0.03432, 0.03194, 0.03456, 0.03158, 0.03578, 0.034, 0.03358, 0.0331, 0.0388, 0.0363, 0.03228, 0.0337, 0.03436, 0.0307, 0.03568, 0.03568, 0.03216, 0.0322, 0.03376, 0.033, 0.0329, 0.03042, 0.0369, 0.03268, 0.03342, 0.03234, 0.03348, 0.0339, 0.03182, 0.03552, 0.03102, 0.03158, 0.03086, 0.03238, 0.03226, 0.03404, 0.03172, 0.0321, 0.03758, 0.03054, 0.02766, 0.03494, 0.03162, 0.034, 0.03442, 0.02936, 0.03056, 0.03558, 0.03278, 0.0319, 0.0308, 0.032, 0.03128, 0.0326, 0.03044, 0.03108, 0.0352, 0.0316, 0.03514, 0.03132, 0.03054, 0.03498, 0.0344, 0.03274, 0.03278, 0.03556, 0.0332, 0.02838, 0.0309, 0.03368, 0.03038, 0.03366, 0.0328, 0.03494], "20": [0.0289, 0.0266, 0.03216, 0.0335, 0.03002, 0.02948, 0.03042, 0.03258, 0.03006, 0.03472, 0.02878, 0.03288, 0.03138, 0.03122, 0.02972, 0.03198, 0.03436, 0.03122, 0.03278, 0.03288, 0.0336, 0.03062, 0.03452, 0.02974, 0.03298, 0.03184, 0.03194, 0.03076, 0.03214, 0.03478, 0.0327, 0.02938, 0.03056, 0.0335, 0.03356, 0.03124, 0.0278, 0.03264, 0.03318, 0.03654, 0.03366, 0.03096, 0.02986, 0.02896, 0.03298, 0.03372, 0.03374, 0.03134, 0.03168, 0.0334, 0.03068, 0.03752, 0.03276, 0.03062, 0.0332, 0.03244, 0.02942, 0.03636, 0.03244, 0.03008, 0.03388, 0.03408, 0.03442, 0.03346, 0.03104, 0.03218, 0.02936, 0.03448, 0.03158, 0.03002, 0.03094, 0.03076, 0.03406, 0.03244, 0.03368, 0.02988, 0.03254, 0.02792, 0.03078, 0.03372, 0.03382, 0.0301, 0.03232, 0.03058, 0.03594, 0.02922, 0.03038, 0.0349, 0.03166, 0.03548, 0.02868, 0.0333, 0.03644, 0.03034, 0.02972, 0.031, 0.0306, 0.02996, 0.03282, 0.02762]}}, "SCITE-RNA-clustered": {"50_500": {"": [0.06538, 0.06376, 0.06826, 0.06616, 0.06816, 0.06564, 0.06992, 0.063, 0.06782, 0.06692, 0.0669, 0.06986, 0.06936, 0.06856, 0.06656, 0.06616, 0.0696, 0.06534, 0.07148, 0.0616, 0.07032, 0.05886, 0.07096, 0.0683, 0.06922, 0.0724, 0.06882, 0.07546, 0.0572, 0.06668, 0.07214, 0.06932, 0.06456, 0.06876, 0.06472, 0.071, 0.06908, 0.07338, 0.06602, 0.07444, 0.0674, 0.06908, 0.06476, 0.0728, 0.0663, 0.06974, 0.07704, 0.07148, 0.07272, 0.06668, 0.06822, 0.06628, 0.0646, 0.06344, 0.06306, 0.06668, 0.0677, 0.06796, 0.06468, 0.06546, 0.06838, 0.06594, 0.06868, 0.05996, 0.06482, 0.06806, 0.06546, 0.06976, 0.0687, 0.06838, 0.07894, 0.0741, 0.06748, 0.07224, 0.06558, 0.06174, 0.06972, 0.0713, 0.05702, 0.07126, 0.06892, 0.06416, 0.0642, 0.06958, 0.06324, 0.06184, 0.07038, 0.06034, 0.0688, 0.065, 0.07156, 0.06302, 0.06622, 0.06894, 0.06692, 0.07122, 0.06454, 0.0687, 0.07048, 0.06134], "5": [0.04672, 0.04812, 0.04236, 0.0686, 0.04834, 0.05, 0.05348, 0.04276, 0.04172, 0.04486, 0.06608, 0.05318, 0.04564, 0.0453, 0.04542, 0.04726, 0.0559, 0.05764, 0.0489, 0.05046, 0.0555, 0.0655, 0.04004, 0.04744, 0.05034, 0.05266, 0.04552, 0.0361, 0.04418, 0.04962, 0.03514, 0.06278, 0.0644, 0.05, 0.04036, 0.06272, 0.05348, 0.07334, 0.0672, 0.04224, 0.04824, 0.04848, 0.04188, 0.04404, 0.03618, 0.04342, 0.05936, 0.05276, 0.04786, 0.03904, 0.05272, 0.0378, 0.05158, 0.0487, 0.05758, 0.05268, 0.04866, 0.05932, 0.04894, 0.03536, 0.03808, 0.05004, 0.04786, 0.05114, 0.0559, 0.05044, 0.05292, 0.0547, 0.04968, 0.04316, 0.05112, 0.0655, 0.04448, 0.05092, 0.055, 0.05164, 0.05346, 0.0474, 0.05558, 0.05134, 0.04408, 0.0439, 0.05412, 0.05794, 0.04884, 0.04878, 0.05236, 0.04206, 0.05002, 0.04838, 0.04278, 0.04772, 0.04042, 0.06164, 0.05018, 0.06808, 0.04474, 0.05682, 0.0493, 0.04574], "10": [0.07216, 0.07818, 0.07406, 0.07992, 0.08474, 0.08, 0.08098, 0.07758, 0.08582, 0.07804, 0.0875, 0.08796, 0.07664, 0.08044, 0.0809, 0.07816, 0.08434, 0.08696, 0.07264, 0.07652, 0.0811, 0.07056, 0.0701, 0.0864, 0.07624, 0.07888, 0.07632, 0.07582, 0.07794, 0.09248, 0.07428, 0.07486, 0.07442, 0.07098, 0.08168, 0.08708, 0.06814, 0.074, 0.08028, 0.08722, 0.08324, 0.07638, 0.08902, 0.07962, 0.0867, 0.06654, 0.07722, 0.0717, 0.07014, 0.08094, 0.08754, 0.08604, 0.08186, 0.07476, 0.06874, 0.07934, 0.08558, 0.07018, 0.0874, 0.07348, 0.0699, 0.08802, 0.07688, 0.07872, 0.08102, 0.0784, 0.0854, 0.08356, 0.08608, 0.06288, 0.08206, 0.07876, 0.09318, 0.0762, 0.07732, 0.0802, 0.08474, 0.08904, 0.08402, 0.07424, 0.07966, 0.07134, 0.09292, 0.07524, 0.07924, 0.08476, 0.08, 0.0767, 0.0846, 0.07716, 0.08018, 0.07886, 0.08408, 0.08324, 0.06918, 0.07608, 0.07988, 0.08026, 0.07834, 0.08116], "20": [0.09676, 0.09612, 0.0888, 0.08914, 0.10542, 0.09098, 0.09574, 0.08738, 0.09014, 0.09548, 0.07914, 0.08174, 0.09088, 0.08326, 0.09428, 0.08514, 0.09062, 0.09564, 0.10744, 0.09308, 0.0957, 0.09312, 0.08924, 0.09858, 0.09288, 0.09372, 0.09318, 0.09608, 0.08982, 0.08912, 0.09416, 0.08714, 0.09188, 0.10272, 0.09262, 0.08864, 0.10378, 0.09046, 0.09476, 0.08972, 0.09196, 0.0934, 0.09902, 0.09328, 0.09422, 0.08922, 0.0969, 0.09884, 0.10028, 0.102, 0.08912, 0.09122, 0.091, 0.09918, 0.09322, 0.09588, 0.09252, 0.08716, 0.0927, 0.08898, 0.09894, 0.10498, 0.09704, 0.08506, 0.08212, 0.09492, 0.09412, 0.08134, 0.08892, 0.09002, 0.0929, 0.09632, 0.09718, 0.09564, 0.08726, 0.10138, 0.09952, 0.09662, 0.07868, 0.08434, 0.0919, 0.0888, 0.09122, 0.09242, 0.10228, 0.0921, 0.09404, 0.10112, 0.08228, 0.08214, 0.08244, 0.0939, 0.09128, 0.0907, 0.08414, 0.0978, 0.0874, 0.0925, 0.0894, 0.09532]}}, "SCITE-RNA-consensus": {},