{
  "SCITE-RNA": {
    "100_5000": [
      0.013527,
      0.015109,
      0.015921,
      0.015027,
      0.016034,
      0.014113,
      0.014376,
      0.013466,
      0.014399,
      0.015153,
      0.014601,
      0.014625,
      0.013674,
      0.014077,
      0.013665,
      0.015204,
      0.015053,
      0.015564,
      0.014021,
      0.013343,
      0.013657,
      0.013987,
      0.014437,
      0.01401,
      0.015152,
      0.014364,
      0.01417,
      0.014713,
      0.014098,
      0.014487,
      0.013913,
      0.014842,
      0.015838,
      0.013866,
      0.014,
      0.014337,
      0.013486,
      0.01553,
      0.014709,
      0.014185,
      0.014738,
      0.01355,
      0.014112,
      0.014105,
      0.014113,
      0.014401,
      0.014017,
      0.014553,
      0.015697,
      0.015502,
      0.013514,
      0.014625,
      0.015025,
      0.01372,
      0.014765,
      0.014459,
      0.015276,
      0.013645,
      0.014188,
      0.014128,
      0.013919,
      0.015047,
      0.014282,
      0.01413,
      0.014291,
      0.013257,
      0.01488,
      0.014619,
      0.015017,
      0.015615,
      0.015267,
      0.01362,
      0.013623,
      0.013876,
      0.013846,
      0.014715,
      0.014254,
      0.014153,
      0.014216,
      0.014654,
      0.014029,
      0.015002,
      0.013941,
      0.014392,
      0.014228,
      0.013296,
      0.014021,
      0.0136,
      0.015578,
      0.015696,
      0.014713,
      0.01351,
      0.014916,
      0.01525,
      0.01531,
      0.014063,
      0.013965,
      0.015041,
      0.013559,
      0.015371
    ],
    "5000_100": [
      0.010834,
      0.010039,
      0.010819,
      0.010132,
      0.010119,
      0.011945,
      0.009995,
      0.010303,
      0.011701,
      0.011451,
      0.010519,
      0.010712,
      0.010943,
      0.01044,
      0.010474,
      0.009911,
      0.009758,
      0.009924,
      0.010448,
      0.011591,
      0.009905,
      0.010761,
      0.009768,
      0.010241,
      0.010485,
      0.011188,
      0.010621,
      0.01202,
      0.010302,
      0.010076,
      0.010005,
      0.011486,
      0.009894,
      0.010185,
      0.011468,
      0.010973,
      0.010778,
      0.011568,
      0.011536,
      0.009887,
      0.011554,
      0.010424,
      0.010713,
      0.009729,
      0.00908,
      0.010908,
      0.010398,
      0.010138,
      0.010053,
      0.009895,
      0.011384,
      0.009887,
      0.011907,
      0.010784,
      0.013115,
      0.009653,
      0.011634,
      0.010717,
      0.011025,
      0.011599,
      0.010893,
      0.010268,
      0.010152,
      0.010421,
      0.010883,
      0.010852,
      0.010202,
      0.011667,
      0.010415,
      0.012912,
      0.010904,
      0.01129,
      0.010734,
      0.010601,
      0.009832,
      0.009805,
      0.010424,
      0.010247,
      0.010918,
      0.010081,
      0.011035,
      0.009908,
      0.010556,
      0.010981,
      0.010806,
      0.010141,
      0.011322,
      0.012614,
      0.010601,
      0.010075,
      0.013923,
      0.010729,
      0.012082,
      0.010177,
      0.009732,
      0.01107,
      0.009234,
      0.010828,
      0.010165,
      0.010881
    ],
    "1000_1000": [
      0.0050775,
      0.005562,
      0.0050735,
      0.00555,
      0.005198,
      0.005269,
      0.0059265,
      0.005442,
      0.005653,
      0.005669,
      0.005598,
      0.0055345,
      0.005195,
      0.005879,
      0.005338,
      0.005615,
      0.0055775,
      0.0055925,
      0.0056785,
      0.0057,
      0.0057425,
      0.005296,
      0.0052615,
      0.0054995,
      0.005505,
      0.0061245,
      0.0054855,
      0.0054955,
      0.0055235,
      0.005772,
      0.005218,
      0.0052555,
      0.0058155,
      0.005814,
      0.005415,
      0.0056765,
      0.005122,
      0.006398,
      0.0057615,
      0.005298,
      0.0049765,
      0.005352,
      0.0055495,
      0.005489,
      0.005858,
      0.005555,
      0.0051155,
      0.0053725,
      0.005302,
      0.0057425,
      0.0053885,
      0.0054415,
      0.00618,
      0.005373,
      0.0057515,
      0.0052285,
      0.0054465,
      0.0057115,
      0.005565,
      0.0054205,
      0.005709,
      0.0057855,
      0.005337,
      0.0057305,
      0.0059695,
      0.0053335,
      0.005774,
      0.0049715,
      0.0047445,
      0.00546,
      0.0054095,
      0.005152,
      0.00519,
      0.005572,
      0.0059165,
      0.005378,
      0.0058705,
      0.0053145,
      0.005235,
      0.0057835,
      0.0053565,
      0.0052035,
      0.0050015,
      0.005734,
      0.0054845,
      0.005607,
      0.0057905,
      0.005786,
      0.005554,
      0.005435,
      0.0052675,
      0.0053355,
      0.0055125,
      0.005278,
      0.005058,
      0.005731,
      0.0053615,
      0.005559,
      0.005643,
      0.0058255
    ]
  },
  "DENDRO": {
    "100_5000": [
      0.059175,
      0.056633,
      0.054625,
      0.056722,
      0.05573,
      0.056507,
      0.054294,
      0.057271,
      0.056281,
      0.059156,
      0.059243,
      0.053151,
      0.056342,
      0.057315,
      0.061461,
      0.058641,
      0.056038,
      0.056103,
      0.05434,
      0.057213,
      0.059883,
      0.053854,
      0.055437,
      0.054738,
      0.055256,
      0.055126,
      0.055026,
      0.056666,
      0.055746,
      0.05578,
      0.057969,
      0.05711,
      0.053668,
      0.056865,
      0.058947,
      0.057867,
      0.063544,
      0.056559,
      0.055581,
      0.057909,
      0.055693,
      0.054174,
      0.056879,
      0.057772,
      0.057196,
      0.056529,
      0.055249,
      0.057886,
      0.055978,
      0.054819,
      0.056003,
      0.0572,
      0.056237,
      0.057235,
      0.057622,
      0.056609,
      0.056314,
      0.057256,
      0.053703,
      0.05625,
      0.059324,
      0.057181,
      0.055015,
      0.05788,
      0.05405,
      0.060839,
      0.056715,
      0.056455,
      0.056464,
      0.060036,
      0.058733,
      0.055175,
      0.058622,
      0.055997,
      0.059566,
      0.05473,
      0.055654,
      0.056565,
      0.056522,
      0.062501,
      0.058158,
      0.054345,
      0.055853,
      0.057636,
      0.05776,
      0.058531,
      0.057191,
      0.057339,
      0.056875,
      0.055363,
      0.055609,
      0.059693,
      0.056502,
      0.05951,
      0.054452,
      0.057371,
      0.057818,
      0.057253,
      0.058665,
      0.056537
    ],