{
  "SCITE-RNA": {
    "100_5000": [
      2.0511111111,
      1.8557575758,
      2.08,
      2.1492929293,
      2.2216161616,
      2.0385858586,
      1.7454545455,
      1.7381818182,
      2.8690909091,
      1.6690909091,
      2.2727272727,
      1.403030303,
      1.1090909091,
      2.3080808081,
      3.7416161616,
      2.7307070707,
      1.6301010101,
      1.3531313131,
      1.4939393939,
      1.92,
      2.8884848485,
      1.9911111111,
      2.1735353535,
      2.2917171717,
      2.0660606061,
      2.1636363636,
      1.8315151515,
      2.0428282828,
      2.1543434343,
      1.8381818182,
      2.161010101,
      1.7525252525,
      1.9705050505,
      2.0719191919,
      2.7783838384,
      3.2783838384,
      3.4113131313,
      1.6793939394,
      1.9597979798,
      2.1836363636,
      1.6937373737,
      1.6880808081,
      2.8232323232,
      2.4949494949,
      2.6484848485,
      2.6048484848,
      2.6028282828,
      2.1284848485,
      1.4573737374,
      2.2383838384,
      1.9161616162,
      1.4729292929,
      1.8486868687,
      3.021010101,
      1.8393939394,
      1.4646464646,
      2.9731313131,
      2.1525252525,
      1.9250505051,
      2.0848484848,
      2.0842424242,
      2.4038383838,
      2.1462626263,
      2.3339393939,
      1.4834343434,
      1.4672727273,
      2.4236363636,
      1.8896969697,
      1.8844444444,
      2.8193939394,
      2.1363636364,
      1.6836363636,
      3.1048484848,
      1.4898989899,
      2.5313131313,
      1.9151515152,
      1.918989899,
      1.7036363636,
      2.2701010101,
      1.5642424242,
      2.5717171717,
      1.2448484848,
      1.8494949495,
      1.5048484848,
      2.3187878788,
      2.3983838384,
      3.4703030303,
      2.7977777778,
      2.0248484848,
      2.4046464646,
      1.8385858586,
      2.7925252525,
      1.8246464646,
      1.9923232323,
      1.6561616162,
      2.2747474747,
      1.4705050505,
      1.7515151515,
      1.9563636364,
      2.4472727273
    ],
    "5000_100": [
      27.7656117624,
      28.1053462693,
      26.0270707742,
      27.8867058212,
      21.4528275255,
      23.5048343269,
      20.372310062,
      24.7249521104,
      22.7505332266,
      20.0590070014,
      20.5597553111,
      23.8428416083,
      24.4667459092,
      33.3974019604,
      24.1411772755,
      25.2175961592,
      29.2604629726,
      23.7337022605,
      27.8844386477,
      23.2807227846,
      28.7737083417,
      35.8200840968,
      22.9390397279,
      22.9910769354,
      25.9187027806,
      34.8833303461,
      22.0124721744,
      20.9755037407,
      24.328584837,
      26.4620584117,
      29.1652616923,
      21.2579658332,
      21.5254631726,
      18.1970694939,
      26.3387853571,
      23.4722574115,
      24.7906931786,
      24.1957953991,
      24.0738160432,
      22.1726266053,
      32.0421877976,
      25.7811581516,
      22.5381462693,
      22.7555829566,
      23.9927646329,
      21.1663076615,
      27.2666263653,
      24.1143826365,
      29.4022418084,
      24.1919807161,
      23.4813646729,
      21.1046418884,
      27.7625997199,
      25.8063979996,
      23.3875960792,
      28.9254464493,
      21.4996424885,
      22.2198576515,
      29.8384140828,
      21.2769617123,
      26.0380234447,
      31.5459269454,
      21.0856070414,
      26.8142510902,
      24.721244889,
      23.2851995999,
      22.7139982396,
      17.0874969394,
      26.1213733147,
      23.8522732547,
      21.1976842569,
      26.2391046209,
      23.2085471494,
      21.5863443089,
      25.9950591718,
      26.4306671734,
      28.8163879176,
      21.9331393479,
      20.8941434687,
      25.73390006,
      22.8831619124,
      21.5951020604,
      30.4865367473,
      24.1806560512,
      25.7255206241,
      28.8416303261,
      26.4127871974,
      22.1687513503,
      23.6374868574,
      23.5470639728,
      27.2103690338,
      26.5166307662,
      30.4730043609,
      24.8022154031,
      26.5256289658,
      24.1123005401,
      27.0696574515,
      22.3246918184,
      29.0156941788,
      23.6603032607
    ],
    "1000_1000": [
      15.0812732733,
      12.1956616617,
      9.6638198198,
      11.482038038,
      9.4618118118,
      9.3868808809,
      15.0145625626,
      13.9788508509,
      13.67,
      12.1452172172,
      11.4841021021,
      11.3113233233,
      11.9637497497,
      11.1090730731,
      9.4134074074,
      13.4101781782,
      11.8717037037,
      11.2022702703,
      13.244958959,
      12.2915095095,
      13.1791211211,
      9.8341861862,
      12.7554214214,
      14.1234934935,
      12.6348508509,
      12.8288828829,
      12.0517917918,
      11.1011811812,
      12.7102662663,
      11.574018018,
      12.4938058058,
      12.2477657658,
      12.8570550551,
      11.8001761762,
      12.5736256256,
      14.0110650651,
      13.1685225225,
      13.1689429429,
      14.451975976,
      11.9328168168,
      12.1591371371,
      14.0106886887,
      11.0914254254,
      9.2835815816,
      11.3063283283,
      12.0583943944,
      10.895951952,
      10.2650950951,
      13.9092192192,
      14.1401141141,
      12.4143863864,
      11.8038518519,
      13.0165865866,
      11.3301021021,
      11.582034034,
      9.7352452452,
      10.6954274274,
      12.9684444444,
      11.7042702703,
      10.0098658659,
      17.2346586587,
      14.9328348348,
      10.8503623624,
      11.3048968969,
      9.0007547548,
      11.884960961,
      11.3728208208,
      13.7876076076,
      11.113017017,
      11.6475195195,
      12.4898198198,
      10.0689129129,
      12.6095635636,
      11.6858078078,
      10.4790690691,
      9.8065585586,
      10.0057017017,
      12.473981982,
      12.8806786787,
      13.8586446446,
      10.8924204204,
      12.9441141141,
      11.7864524525,
      11.7662682683,
      11.9472152152,
      10.9973253253,
      12.1223123123,
      11.4039039039,
      10.7217437437,
      13.0743543544,
      12.8895355355,
      11.3694254254,
      13.1474534535,
      10.1475015015,
      11.1462022022,
      12.4204144144,
      9.7461401401,
      12.016,
      15.3216096096,
      11.1156456456
    ]
  },