{
  "m": {
    "500_500_0": [5.5015951904, 5.3580120240, 5.5344609218, 5.8882324649, 5.0705651303, 5.5101963928, 5.3274629259, 5.7456432866, 5.4857715431, 4.9156793587, 5.1891382766, 4.5046412826, 4.8452104208, 5.8783727455, 5.0382525050, 4.9391823647, 4.5563366733, 4.6720561122, 4.9136032064, 5.1120320641, 4.8341322645, 5.0115591182, 5.6834148297, 5.7830781563, 5.3781162325, 4.9982204409, 5.5049539078, 4.7094589178, 5.4034949900, 5.7170100200, 5.0369218437, 4.9630941884, 5.1710060120, 5.3119278557, 5.0294829659, 5.2302204409, 5.5516072144, 5.3600160321, 5.5345731463, 5.9276392786, 5.1852264529, 5.7126332665, 4.6874549098, 5.3142204409, 4.8994629259, 4.8787094188, 5.2175470942, 5.1869659319, 5.3442324649, 5.5571543086, 5.6847695391, 5.1437515030, 4.9771863727, 5.3447454910, 4.6752064128, 5.2096993988, 5.6032545090, 5.0122324649, 4.6446412826, 4.8627655311, 5.6309979960, 5.2989739479, 5.9589659319, 5.6573947896, 5.5914709419, 5.6071503006, 6.0085851703, 4.9622605210, 5.7439438878, 5.3975230461, 4.9394709419, 5.4463166333, 5.5812024048, 5.0313426854, 4.9476953908, 4.9532424850, 5.7298757515, 4.9919839679, 4.9954068136, 5.3777154309, 5.5526012024, 5.3982685371, 5.2332424850, 6.0995030060, 5.3278797595, 5.0410340681, 5.1377074148, 5.1421002004, 5.3523206413, 6.0723286573, 5.5589899800, 5.7497555110, 6.0181482966, 4.9680961924, 5.6922565130, 5.5385090180, 5.4700841683, 5.7054509018, 5.3137555110, 5.1898597194],
    "500_500_1": [5.5488176353, 5.4079358717, 5.5339398798, 5.7266533066, 5.3073266533, 5.5338597194, 5.4298356713, 5.7084649299, 5.1685130261, 5.1620440882, 5.1344609218, 4.6540440882, 5.0370340681, 5.6372745491, 5.1534589178, 4.8588937876, 4.5877675351, 4.6864769539, 5.0902845691, 5.5073747495, 4.8289859719, 5.0841362725, 5.7999198397, 5.5782044088, 5.3920320641, 4.9766412826, 5.5727855711, 4.7198797595, 5.3486092184, 5.6412184369, 5.1807935872, 5.1071983968, 5.2763366733, 5.0273747495, 4.9303006012, 5.1962324649, 5.6180601202, 5.4664128257, 5.6312064128, 5.8388456914, 5.1252825651, 5.8675270541, 4.8177795591, 5.4622845691, 4.9008737475, 4.7526412826, 5.3117354709, 5.0818677355, 5.7603687375, 5.5715030060, 5.7031182365, 4.9569218437, 5.0467975952, 5.2455951904, 4.7217154309, 5.2112384770, 5.6283206413, 5.1191022044, 4.6507494990, 4.9799118236, 5.6119839679, 5.7269098196, 5.9634869739, 5.7829819639, 5.4807454910, 5.4367535070, 6.2609699399, 4.9999919840, 5.6121442886, 5.7104929860, 5.1067975952, 5.7831342685, 5.2393426854, 5.0937795591, 5.2144048096, 4.9628537074, 5.5842484970, 5.5006893788, 4.9906452906, 5.3262204409, 5.7930821643, 5.6268136273, 5.1334108216, 6.1076312625, 5.2173066132, 5.1410661323, 5.2866613226, 5.6905651303, 5.3767775551, 6.3190220441, 5.6117274549, 5.8842805611, 5.9401523046, 5.2270621242, 5.7639839679, 5.6379238477, 5.6767294589, 6.0682565130, 5.4745731463, 5.0982685371]
  },
  "c": {
    "500_500_0": [5.7071022044, 6.3114709419, 6.1237675351, 6.0125611222, 5.3118957916, 5.9086733467, 6.2005130261, 5.5204248497, 5.2207535070, 5.3347494990, 5.6052665331, 5.2856432866, 5.4386452906, 6.0706452906, 6.2191503006, 5.5013066132, 5.0377154309, 5.2641683367, 5.4664609218, 6.1012424850, 5.7405450902, 5.7976753507, 5.6905170341, 5.9999519038, 5.6501242485, 5.2016913828, 6.2066773547, 5.1677274549, 6.1792464930, 5.6032224449, 6.2030621242, 5.6287935872, 6.1181242485, 5.9562164329, 5.1634869739, 5.7352545090, 5.6515911824, 5.9247454910, 6.0337955912, 6.6446332665, 5.5287855711, 6.0417474950, 5.1086332665, 5.9377234469, 5.3825490982, 5.4312945892, 5.5713987976, 5.5187334669, 5.8050661323, 6.1136913828, 5.9347094188, 5.3797354709, 6.0308617234, 5.2232144289, 4.8384929860, 5.7506853707, 5.8011222445, 5.9149659319, 5.6462925852, 5.2212344689, 6.1380440882, 5.9792144289, 6.3391903808, 5.5959679359, 5.7963366733, 5.4739398798, 6.3732424850, 6.0443767535, 6.2166092184, 6.1628216433, 5.2553346693, 5.0546212425, 5.3660120240, 5.7628376754, 5.4205130261, 5.4201603206, 5.8767374749, 5.4451222445, 5.5490821643, 5.4610340681, 6.1753907816, 6.3121843687, 5.5808577154, 6.1917595190, 5.5731062124, 5.3615310621, 5.9220440882, 6.5073827655, 5.9650821643, 6.2956553106, 6.1647454910, 5.9291302605, 5.8143006012, 5.7782925852, 5.6827174349, 5.3676392786, 5.8298917836, 6.3895150301, 5.9535390782, 6.0931142285],
    "500_500_1": [5.7407775551, 6.2198557114, 6.0312705411, 6.2068056112, 5.5353106212, 6.1833346693, 6.3044328657, 5.3849859719, 5.1827895792, 5.6672144289, 5.6834068136, 5.3608256513, 5.6574989980, 6.0171302605, 6.2024368737, 5.5997034068, 5.0928336673, 5.3279519038, 5.3905811623, 5.9669498998, 5.9071342685, 5.8832384770, 5.4692585170, 5.9852184369, 5.6235190381, 5.7759599198, 6.4595991984, 5.3741482966, 6.2543887776, 5.6847855711, 5.9843767535, 5.3890100200, 6.3393747495, 6.0212184369, 5.5393907816, 5.6672785571, 5.6351983968, 5.8946773547, 6.1975150301, 6.7174268537, 5.8271182365, 6.1125771543, 5.0743967936, 5.8749258517, 5.3938356713, 5.6067575150, 5.7046893788, 5.6302525050, 5.8635270541, 6.3663166333, 6.1399759519, 5.4466853707, 5.9753667335, 5.1455871743, 5.0216913828, 5.5170741483, 5.9458356713, 5.9559038076, 5.4938677355, 5.3966092184, 6.1309739479, 5.8648016032, 6.5686492986, 5.7722324649, 5.7022925852, 5.6176913828, 6.1609539078, 6.2086012024, 6.3322084168, 5.7359278557, 5.4022044088, 5.2423727455, 5.6941643287, 5.7633266533, 5.4585490982, 5.6314789579, 5.7261002004, 5.6319038076, 5.7105811623, 5.4986372745, 6.6842084168, 6.3034228457, 5.8045691383, 6.2243527054, 5.7454989980, 5.4742845691, 5.9334188377, 6.4233106212, 6.0264048096, 6.5340440882, 6.2580200401, 5.9050020040, 5.8945731463, 6.1331783567, 5.7419238477, 5.4434629259, 6.1624769539, 6.5906933868, 5.9941002004, 6.2591262525]
  },
  "c_m": {
    "500_500_0": [5.9448496994, 5.8500521042, 5.8701723447, 6.0158717435, 5.6764088176, 6.0301563126, 5.7589739479, 5.8201122244, 4.8580280561, 5.4509258517, 6.1314869739, 5.5213947896, 5.6737394790, 5.6862765531, 5.9020360721, 5.5769779559, 4.9552384770, 4.6099398798, 5.4236152305, 5.6133627255, 5.3768256513, 5.2546533066, 5.4362324649, 5.8948376754, 5.7850100200, 5.1983246493, 5.9487855711, 5.2286332665, 5.6039839679, 5.7342284569, 6.2121042084, 5.1490741483, 6.0612505010, 5.8073186373, 4.9345410822, 6.0251783567, 5.8358717435, 5.9576833667, 5.9784208417, 5.6908777555, 5.4840000000, 5.9139158317, 5.3449539078, 5.4804168337, 5.3514709419, 5.2509819639, 5.4257875752, 5.2189498998, 5.2717915832, 6.1838396794, 6.0819559118, 5.2537394790, 6.1159759519, 5.2314068136, 4.8116152305, 5.4918236473, 5.5229979960, 5.9675030060, 5.1861963928, 5.6272304609, 5.9602244489, 5.2172505010, 5.8108056112, 5.6536833667, 5.8481603206, 5.3800400802, 5.7164969940, 5.6260360721, 5.9954869739, 5.8084008016, 4.9986933868, 5.2626853707, 5.2454108216, 5.3677915832, 5.5064529058, 5.3310781563, 6.0004809619, 5.2993346693, 5.5873507014, 5.4005370741, 6.0064208417, 5.8430060120, 5.3101322645, 6.1788136273, 5.4924168337, 5.4555511022, 5.6673346693, 5.7032464930, 5.3218917836, 6.4270781563, 5.7498677355, 6.0973466934, 5.6345811623, 5.6856593186, 5.8876232465, 5.5943486974, 5.4615150301, 6.3261002004, 5.5360721443, 5.7463567134],