{
  "m": {
    "500_500_0": [0.0032151734, 0.0029409844, 0.0034491343, 0.0043903603, 0.0027315330, 0.0025747251, 0.0026022120, 0.0029390450, 0.0012175148, 0.0031124434, 0.0046137986, 0.0030236941, 0.0022990379, 0.0022306740, 0.0020724153, 0.0031107011, 0.0027357533, 0.0034802325, 0.0023422734, 0.0023797517, 0.0020952776, 0.0042196818, 0.0033193863, 0.0048346126, 0.0027462408, 0.0012210385, 0.0039710685, 0.0015487379, 0.0026927384, 0.0021061575, 0.0033200347, 0.0035669638, 0.0023698643, 0.0029308477, 0.0032694974, 0.0013093002, 0.0026745439, 0.0018757531, 0.0031852043, 0.0047254338, 0.0041781291, 0.0043253014, 0.0039992778, 0.0020732439, 0.0040372314, 0.0010966307, 0.0033210315, 0.0020586274, 0.0017294347, 0.0034146339, 0.0030140218, 0.0028295634, 0.0024767367, 0.0030086219, 0.0026324140, 0.0020269200, 0.0030171544, 0.0021430360, 0.0039387165, 0.0023958829, 0.0048856826, 0.0032966165, 0.0050544284, 0.0028910521, 0.0032804897, 0.0017384177, 0.0032044123, 0.0039454895, 0.0038402089, 0.0034753461, 0.0047572660, 0.0020234223, 0.0027226001, 0.0034744084, 0.0033808613, 0.0032598016, 0.0042631747, 0.0028880988, 0.0028705205, 0.0023064751, 0.0033468819, 0.0036711327, 0.0017705983, 0.0037032651, 0.0024195214, 0.0028533157, 0.0028525498, 0.0030996449, 0.0029434883, 0.0032694761, 0.0034095890, 0.0030353375, 0.0019786328, 0.0032080087, 0.0021090095, 0.0025490668, 0.0059071795, 0.0034067943, 0.0044731021, 0.0025134585],
    "500_500_1": [0.0034076291, 0.0032283618, 0.0036362978, 0.0045569708, 0.0034149318, 0.0025948373, 0.0026839486, 0.0029332194, 0.0019775768, 0.0032209044, 0.0045701361, 0.0032625653, 0.0028042500, 0.0024609248, 0.0021655347, 0.0031436668, 0.0027552958, 0.0035122574, 0.0025193419, 0.0033093976, 0.0021777775, 0.0043857084, 0.0033299768, 0.0048328721, 0.0028461553, 0.0014505332, 0.0039682868, 0.0017537085, 0.0027272149, 0.0021040738, 0.0033903497, 0.0037079267, 0.0026666545, 0.0036339852, 0.0034265210, 0.0013093430, 0.0030258592, 0.0019543947, 0.0032554310, 0.0049137969, 0.0041905241, 0.0044107390, 0.0040612901, 0.0020725714, 0.0041185710, 0.0013413840, 0.0036380047, 0.0020333850, 0.0020597716, 0.0034898368, 0.0030782458, 0.0028186719, 0.0025704512, 0.0029741723, 0.0026927723, 0.0020500062, 0.0031414881, 0.0021529076, 0.0040814371, 0.0024965287, 0.0049252935, 0.0033822873, 0.0050688620, 0.0029778451, 0.0047906178, 0.0019783429, 0.0032798688, 0.0040412561, 0.0038282404, 0.0037192476, 0.0048611469, 0.0021948290, 0.0028958328, 0.0036206629, 0.0033639940, 0.0033017378, 0.0042909846, 0.0030998100, 0.0028813669, 0.0022874191, 0.0040545591, 0.0036684179, 0.0018166345, 0.0037929908, 0.0023834598, 0.0029072863, 0.0030147286, 0.0033380319, 0.0030877937, 0.0033353713, 0.0034684207, 0.0030288895, 0.0019720766, 0.0034449619, 0.0022459817, 0.0025995288, 0.0060007967, 0.0035171031, 0.0044980497, 0.0027025452]
  },
  "c": {
    "500_500_0": [0.0032924316, 0.0040227311, 0.0028528886, 0.0045764872, 0.0022144718, 0.0031894343, 0.0032012978, 0.0032122612, 0.0028608855, 0.0036468204, 0.0037039304, 0.0039115249, 0.0024516415, 0.0031306953, 0.0036102784, 0.0036341638, 0.0036860943, 0.0038005808, 0.0022918475, 0.0037262356, 0.0016672264, 0.0047039750, 0.0040264527, 0.0050741787, 0.0034869707, 0.0025387131, 0.0034132392, 0.0026330371, 0.0017781591, 0.0042418050, 0.0038198858, 0.0041912116, 0.0033706055, 0.0031949304, 0.0041941612, 0.0030267157, 0.0033787450, 0.0039157143, 0.0037478539, 0.0058032648, 0.0041579494, 0.0045994388, 0.0034063020, 0.0037498607, 0.0029261168, 0.0027359000, 0.0044974743, 0.0036161903, 0.0032433368, 0.0035016669, 0.0048274115, 0.0033998181, 0.0030414878, 0.0032491792, 0.0031665560, 0.0034881995, 0.0024830418, 0.0025633458, 0.0039838449, 0.0032977578, 0.0061068520, 0.0035871539, 0.0053133790, 0.0040988068, 0.0038641802, 0.0026285941, 0.0033062508, 0.0039852699, 0.0026213672, 0.0031477337, 0.0036353997, 0.0031516566, 0.0035939528, 0.0031088319, 0.0036335000, 0.0039560399, 0.0049547982, 0.0029467759, 0.0034998072, 0.0026613736, 0.0044239040, 0.0030458707, 0.0028578906, 0.0041563770, 0.0028554569, 0.0028972086, 0.0040564302, 0.0041496735, 0.0025935965, 0.0034463563, 0.0048188297, 0.0030767381, 0.0027613596, 0.0034511018, 0.0029767870, 0.0035872422, 0.0055378132, 0.0049792277, 0.0039231316, 0.0031246335],
    "500_500_1": [0.0033334555, 0.0040527378, 0.0029797726, 0.0051025374, 0.0022640507, 0.0031925552, 0.0032448076, 0.0041135491, 0.0030300175, 0.0037927787, 0.0038115391, 0.0040721217, 0.0025003440, 0.0033165752, 0.0038071237, 0.0036459700, 0.0037856809, 0.0039114712, 0.0023123603, 0.0037364542, 0.0018133324, 0.0047426464, 0.0041478079, 0.0053138022, 0.0035287863, 0.0034259826, 0.0034181344, 0.0026657133, 0.0017975918, 0.0042981730, 0.0038332022, 0.0042125853, 0.0034670195, 0.0032383574, 0.0043176222, 0.0030760028, 0.0034847041, 0.0038996627, 0.0039751957, 0.0058687727, 0.0043178131, 0.0046040750, 0.0036553843, 0.0037862881, 0.0029779358, 0.0030755954, 0.0045429035, 0.0036017969, 0.0032650280, 0.0035528814, 0.0049286397, 0.0033949918, 0.0030616563, 0.0033874609, 0.0031736747, 0.0035494275, 0.0025252469, 0.0026387855, 0.0041076529, 0.0033721681, 0.0062197791, 0.0037576292, 0.0054166816, 0.0040957700, 0.0041150761, 0.0026017451, 0.0033240625, 0.0040374299, 0.0027502530, 0.0035428550, 0.0037469742, 0.0032090383, 0.0037019202, 0.0031507210, 0.0037803867, 0.0039775961, 0.0050752981, 0.0030274022, 0.0036429191, 0.0027854331, 0.0048504236, 0.0029978865, 0.0029516171, 0.0041687783, 0.0030082022, 0.0029597827, 0.0040478726, 0.0041769445, 0.0025909241, 0.0036454326, 0.0048908107, 0.0032847542, 0.0028070669, 0.0039138618, 0.0030929117, 0.0037499963, 0.0056223757, 0.0049635724, 0.0039680836, 0.0031630486]
  },
  "c_m": {
    "500_500_0": [0.0039624335, 0.0039067212, 0.0032944417, 0.0053062930, 0.0040193718, 0.0034379288, 0.0041963013, 0.0042286471, 0.0029881579, 0.0038887828, 0.0041615935, 0.0042187683, 0.0035934692, 0.0037400462, 0.0037122471, 0.0043195903, 0.0039075928, 0.0045178845, 0.0033046204, 0.0039570694, 0.0028477249, 0.0053116901, 0.0042202134, 0.0053945288, 0.0036078150, 0.0034580512, 0.0035001165, 0.0027370739, 0.0034218414, 0.0044900636, 0.0041453249, 0.0043345440, 0.0036797276, 0.0055553158, 0.0041115125, 0.0033018145, 0.0039170933, 0.0040740271, 0.0040390341, 0.0058674770, 0.0045250973, 0.0048428653, 0.0037217769, 0.0033866613, 0.0046401159, 0.0035299418, 0.0044090846, 0.0036021889, 0.0036123367, 0.0038115055, 0.0053164142, 0.0035848010, 0.0031980536, 0.0036639727, 0.0032677480, 0.0037892619, 0.0040213705, 0.0029600424, 0.0043276887, 0.0035630126, 0.0064583376, 0.0040594388, 0.0052096526, 0.0041029431, 0.0042047053, 0.0030738739, 0.0039615757, 0.0043892092, 0.0045497062, 0.0044285487, 0.0048998518, 0.0034292790, 0.0041750381, 0.0040135453, 0.0044656676, 0.0041881279, 0.0050727733, 0.0032797445, 0.0033789183, 0.0030784323, 0.0049383847, 0.0031983265, 0.0035251641, 0.0044973793, 0.0032244633, 0.0034008956, 0.0041931811, 0.0045014910, 0.0037944700, 0.0039357569, 0.0048487244, 0.0040570150, 0.0032857521, 0.0037573841, 0.0032310251, 0.0038875095, 0.0058660599, 0.0051725775, 0.0046881872, 0.0032702332],