{
  "m": {
    "500_500_0": [9.2729539078, 12.2738597194, 9.8933707415, 8.6541082164, 10.1220360721, 9.6776513026, 9.9084969940, 9.2884248497, 8.1507815631, 11.7459478958, 8.9619238477, 10.2093066132, 7.6529539078, 11.3308456914, 11.3297715431, 9.6301082164, 10.0827094188, 7.6054268537, 10.4317835671, 8.1602725451, 9.1074549098, 7.2419799599, 12.4201362725, 8.0295951904, 10.8855230461, 9.4862685371, 9.6670460922, 8.7289859719, 9.7583647295, 9.5865731463, 10.0530180361, 7.1801523046, 10.7236152305, 11.0079679359, 8.0747655311, 8.7587014028, 7.9715270541, 12.4078557114, 9.5035591182, 10.3010501002, 10.1931863727, 8.7733947896, 9.5977154309, 9.7895551102, 9.5639599198, 11.6115430862, 10.3875190381, 9.8380681363, 9.9844408818, 12.5996793587, 10.9904048096, 8.0676953908, 9.5807775551, 7.2312945892, 9.1789018036, 11.0715911824, 10.0856432866, 10.9771543086, 7.5915911824, 9.6713987976, 8.9476633267, 10.4820120240, 11.5361923848, 11.4091703407, 11.7998076152, 8.9741643287, 12.1386613226, 9.8288176353, 12.6566012024, 11.8273827655, 7.7352064128, 11.7101082164, 9.0377635271, 8.9421322645, 9.4725130261, 9.8206252505, 8.8077915832, 8.7563446894, 8.9679358717, 8.8188456914, 9.9020120240, 10.8439198397, 9.1080721443, 9.0522885772, 9.1517354709, 11.2172905812, 9.0665651303, 9.3298036072, 8.3291623246, 8.5236553106, 10.6770420842, 10.1108697395, 11.2805290581, 7.6107174349, 10.1548617234, 11.7931543086, 10.8957114228, 11.7687935872, 11.2794869739, 10.3687615230],
    "500_500_1": [9.9020521042, 12.3949579158, 10.0358076152, 8.5483527054, 9.2535230461, 9.5844488978, 9.6321042084, 9.4243446894, 7.8745811623, 11.4261643287, 8.3250981964, 9.6535230461, 7.6943326653, 11.5602404810, 11.5169699399, 9.6862925852, 9.9570100200, 7.3081282565, 10.0957194389, 7.6135551102, 9.4372024048, 7.0466132265, 12.3270541082, 8.2019158317, 10.2884729459, 9.4880480962, 9.4582044088, 9.0846412826, 9.8663967936, 9.7136753507, 9.9760881764, 7.2896593186, 10.5105971944, 10.8687294589, 7.7968016032, 8.7466853707, 8.0987895792, 12.5968256513, 8.8571623246, 10.7898757515, 9.9372905812, 9.1530100200, 9.7066693387, 9.9346452906, 8.9816673347, 11.2173547094, 10.4922084168, 10.5507174349, 9.7660120240, 12.5094509018, 11.2130420842, 8.1897555110, 8.8992625251, 7.0833747495, 9.1823727455, 11.0516713427, 10.6517835671, 11.0001202405, 7.2636072144, 9.5883687375, 9.0050581162, 10.0359599198, 11.7266212425, 11.4797915832, 11.0729539078, 8.7628056112, 12.2157595190, 10.0168176353, 12.1601042084, 11.8080400802, 7.5013947896, 11.8258276553, 9.1243527054, 9.1600080160, 9.5628456914, 9.7812024048, 8.7991182365, 8.8786292585, 8.9857074148, 8.4488577154, 9.2266773547, 11.0750701403, 9.1677274549, 8.9376352705, 9.6309418838, 11.4629979960, 9.1333867735, 9.1334028056, 8.0397354709, 8.8907414830, 11.3866533066, 9.9964008016, 11.2652585170, 7.4611142285, 9.7244889780, 12.1934589178, 11.0847855711, 11.6261402806, 11.1394148297, 10.2930901804]
  },
  "c": {
    "500_500_0": [11.4213226453, 10.6373707415, 10.5797434870, 8.5260841683, 11.1324889780, 10.6274308617, 9.1154068136, 10.8841202405, 7.7659639279, 12.0749659319, 9.9516152305, 9.6673346693, 7.8785170341, 11.0680801603, 10.9577074148, 9.1465891784, 9.8068376754, 7.9087134269, 10.5182204409, 7.5319519038, 9.9703967936, 7.4806893788, 12.0454989980, 8.6589018036, 10.8581002004, 9.5233426854, 10.5405290581, 9.9102284569, 9.4198557114, 9.3164649299, 10.0597274549, 7.4756953908, 10.2005851703, 12.3058036072, 8.1105250501, 8.5677595190, 7.9579398798, 11.4542284569, 9.2890901804, 11.1424448898, 10.0502284569, 9.5485290581, 10.8527615230, 9.2130260521, 11.2351743487, 10.7997835671, 10.7690821643, 10.0921763527, 8.8854428858, 12.1740681363, 12.4476152305, 8.1517835671, 9.5107334669, 7.9970821643, 9.2517114228, 11.0147494990, 11.5403286573, 10.9423326653, 8.5859318637, 9.4673587174, 8.8840721443, 10.5870781563, 11.6594148297, 11.2308617234, 10.7180040080, 8.7696993988, 12.1093787575, 9.5911022044, 13.6144529058, 12.4385010020, 9.3768416834, 11.2524168337, 9.3610260521, 9.3942284569, 10.1426452906, 9.6635911824, 9.7680080160, 9.3204889780, 8.8612585170, 8.6788617234, 9.4820921844, 12.0748216433, 8.5841603206, 9.5444569138, 11.4550300601, 11.1232705411, 8.6642244489, 8.9536513026, 9.2807535070, 9.0246172345, 9.5118957916, 10.3596713427, 12.0977715431, 7.9517114228, 9.5467014028, 11.3187334669, 12.7889699399, 11.6044488978, 11.6879438878, 10.9544048096],
    "500_500_1": [11.1501563126, 11.2091703407, 10.0394629259, 8.3513106212, 11.2711823647, 10.3932665331, 9.0576432866, 10.8041442886, 8.0323927856, 12.3319198397, 10.0902845691, 9.6868376754, 7.8713747495, 11.3492184369, 10.5958076152, 9.3686733467, 9.5638717435, 8.0413066132, 10.5836072144, 8.0666533066, 10.1108216433, 7.2516713427, 12.4273426854, 7.8322324649, 11.2944929860, 8.8663006012, 10.7642324649, 10.0270060120, 9.3914549098, 9.8889378758, 10.3691703407, 7.4934669339, 10.5437835671, 12.3966573146, 8.2103086172, 8.2127615230, 8.1909258517, 11.6681683367, 9.0402965932, 11.2873827655, 11.1041442886, 9.3496272545, 10.6736993988, 9.5614989980, 11.0766332665, 10.8122244489, 10.6404088176, 10.1632945892, 8.7206733467, 12.2860521042, 11.9291863727, 8.1911663327, 9.4891623246, 7.4714869739, 8.9633987976, 10.8701803607, 11.3511583166, 10.6285050100, 9.3426212425, 9.4965851703, 8.9064769539, 10.4649859719, 12.2377234469, 11.3308376754, 10.5590541082, 9.2081763527, 13.0732665331, 10.0944368737, 13.7827334669, 12.8306132265, 9.5191663327, 11.3879679359, 9.5797675351, 8.9593426854, 10.0832785571, 9.3005450902, 8.6648416834, 9.4156072144, 9.0635110220, 9.1178196393, 9.6307655311, 12.3101963928, 8.5714148297, 9.5310060120, 10.5756553106, 11.2382284569, 8.7655390782, 8.7370981964, 9.4461162325, 9.3321843687, 9.7141563126, 10.8244969940, 11.8983727455, 7.4440480962, 9.4975951904, 11.7106212425, 12.2330420842, 11.4338997996, 12.5774989980, 10.9018757515]
  },
  "c_m": {
    "500_500_0": [10.6836312625, 10.4183486974, 9.6361603206, 7.7590380762, 9.6590701403, 10.1077755511, 8.5696192385, 10.2216272545, 7.2228456914, 12.3495711423, 10.1450020040, 9.5266052104, 7.3973146293, 10.2437354709, 10.7212745491, 9.4229819639, 9.6804889780, 7.5435591182, 10.4965450902, 7.4979719439, 9.3190380762, 6.8967535070, 11.7362965932, 7.9659879760, 10.6590861723, 8.9533466934, 10.1779799599, 9.0542444890, 8.1031503006, 9.4183166333, 10.0066452906, 7.1028937876, 9.7261723447, 9.9535551102, 7.1696272545, 8.5081523046, 7.8411302605, 11.6988456914, 8.3882885772, 10.7490821643, 10.2216513026, 9.1061643287, 10.9866212425, 9.2608817635, 9.6365851703, 9.7328577154, 10.6073987976, 9.0577154309, 8.8294268537, 12.3491543086, 10.8902925852, 7.9735711423, 9.4915110220, 7.3946132265, 8.8437434870, 10.8402244489, 9.2432464930, 10.6889298597, 9.4461322645, 9.2231663327, 8.6112384770, 9.8485531062, 11.1662685371, 10.7318557114, 10.6161603206, 8.5106693387, 11.6179078156, 9.3934589178, 11.4111342685, 11.7803767535, 8.0809939880, 11.1908777555, 9.0658356713, 9.1985410822, 10.1540040080, 9.3683767535, 8.8578196393, 9.3951743487, 8.6183406814, 8.6128897796, 8.8147655311, 12.0906132265, 8.1696593186, 9.2824448898, 10.8765290581, 10.5614669339, 8.6550140281, 8.7993827655, 7.7919519038, 9.1541723447, 9.5344769539, 8.7153426854, 12.1117194389, 7.5767935872, 10.7041603206, 12.9943567134, 10.9276633267, 10.5188216433, 12.5183246493, 10.1546613226],