{
  "m": {
    "500_500_0": [0.0097840000, 0.0095120000, 0.0098280000, 0.0097260000, 0.0096900000, 0.0094780000, 0.0097740000, 0.0106140000, 0.0101480000, 0.0103180000, 0.0101660000, 0.0097040000, 0.0099360000, 0.0111660000, 0.0106360000, 0.0097940000, 0.0099420000, 0.0090820000, 0.0091600000, 0.0092320000, 0.0089200000, 0.0099560000, 0.0095960000, 0.0098780000, 0.0103320000, 0.0114840000, 0.0100860000, 0.0090260000, 0.0090880000, 0.0111740000, 0.0088640000, 0.0092680000, 0.0097180000, 0.0114700000, 0.0091440000, 0.0102440000, 0.0099780000, 0.0106840000, 0.0102560000, 0.0103060000, 0.0094460000, 0.0088260000, 0.0090440000, 0.0100780000, 0.0092040000, 0.0103620000, 0.0098300000, 0.0097840000, 0.0112220000, 0.0101780000, 0.0099620000, 0.0107220000, 0.0091080000, 0.0087540000, 0.0098800000, 0.0111360000, 0.0096000000, 0.0105760000, 0.0079260000, 0.0101560000, 0.0100980000, 0.0100180000, 0.0097940000, 0.0096960000, 0.0116520000, 0.0095000000, 0.0110260000, 0.0094600000, 0.0099780000, 0.0112780000, 0.0086260000, 0.0105520000, 0.0103340000, 0.0095160000, 0.0095820000, 0.0100500000, 0.0104400000, 0.0099240000, 0.0088900000, 0.0093560000, 0.0102860000, 0.0104520000, 0.0104420000, 0.0094180000, 0.0095340000, 0.0093540000, 0.0096860000, 0.0097820000, 0.0103880000, 0.0095340000, 0.0103240000, 0.0101000000, 0.0112080000, 0.0103640000, 0.0098060000, 0.0098180000, 0.0092500000, 0.0103660000, 0.0090500000, 0.0109820000],
    "500_500_1": [0.0098260000, 0.0092520000, 0.0095940000, 0.0094840000, 0.0094660000, 0.0095180000, 0.0097320000, 0.0107100000, 0.0093120000, 0.0104820000, 0.0101960000, 0.0099120000, 0.0097960000, 0.0110440000, 0.0107320000, 0.0098260000, 0.0099920000, 0.0091200000, 0.0091180000, 0.0090540000, 0.0089160000, 0.0099000000, 0.0096080000, 0.0101260000, 0.0101840000, 0.0115360000, 0.0101100000, 0.0089860000, 0.0090660000, 0.0111320000, 0.0090920000, 0.0092140000, 0.0095900000, 0.0109460000, 0.0089300000, 0.0101360000, 0.0099060000, 0.0109300000, 0.0103060000, 0.0099360000, 0.0093060000, 0.0088040000, 0.0091160000, 0.0102840000, 0.0089080000, 0.0099760000, 0.0097940000, 0.0099460000, 0.0109880000, 0.0101140000, 0.0099400000, 0.0105680000, 0.0091200000, 0.0086720000, 0.0098680000, 0.0110520000, 0.0096140000, 0.0105680000, 0.0078420000, 0.0103160000, 0.0100260000, 0.0102320000, 0.0097820000, 0.0095860000, 0.0096900000, 0.0092180000, 0.0113920000, 0.0095340000, 0.0098180000, 0.0112400000, 0.0087060000, 0.0107400000, 0.0101120000, 0.0095980000, 0.0098060000, 0.0101240000, 0.0102020000, 0.0102140000, 0.0088380000, 0.0095400000, 0.0098180000, 0.0107500000, 0.0101820000, 0.0092300000, 0.0094300000, 0.0093360000, 0.0096100000, 0.0101280000, 0.0103300000, 0.0097920000, 0.0102780000, 0.0101240000, 0.0115560000, 0.0105080000, 0.0098900000, 0.0098980000, 0.0094240000, 0.0106420000, 0.0091820000, 0.0108220000]
  },
  "c": {
    "500_500_0": [0.0106540000, 0.0095040000, 0.0115320000, 0.0103940000, 0.0113740000, 0.0097620000, 0.0104920000, 0.0111300000, 0.0087380000, 0.0107240000, 0.0116500000, 0.0101640000, 0.0110940000, 0.0107820000, 0.0103940000, 0.0103520000, 0.0097500000, 0.0101540000, 0.0098300000, 0.0094040000, 0.0110500000, 0.0101600000, 0.0095080000, 0.0103600000, 0.0097820000, 0.0110660000, 0.0113540000, 0.0097600000, 0.0109740000, 0.0096440000, 0.0100720000, 0.0099080000, 0.0100240000, 0.0124040000, 0.0085980000, 0.0094300000, 0.0099800000, 0.0100360000, 0.0107400000, 0.0102520000, 0.0103080000, 0.0092760000, 0.0105040000, 0.0090460000, 0.0114820000, 0.0098800000, 0.0095560000, 0.0098000000, 0.0102200000, 0.0106620000, 0.0098020000, 0.0108440000, 0.0098040000, 0.0095640000, 0.0101200000, 0.0096800000, 0.0113720000, 0.0111280000, 0.0091940000, 0.0102700000, 0.0098220000, 0.0106420000, 0.0104240000, 0.0090380000, 0.0113420000, 0.0089440000, 0.0117720000, 0.0107240000, 0.0120920000, 0.0125400000, 0.0110020000, 0.0097160000, 0.0100040000, 0.0106040000, 0.0102460000, 0.0107220000, 0.0107060000, 0.0107260000, 0.0090560000, 0.0099000000, 0.0102480000, 0.0122380000, 0.0102440000, 0.0098360000, 0.0101660000, 0.0097460000, 0.0097340000, 0.0107800000, 0.0114440000, 0.0096980000, 0.0096560000, 0.0107380000, 0.0120680000, 0.0113600000, 0.0095780000, 0.0092820000, 0.0104220000, 0.0104480000, 0.0107400000, 0.0113800000],
    "500_500_1": [0.0107520000, 0.0094140000, 0.0112300000, 0.0100860000, 0.0115280000, 0.0099140000, 0.0104360000, 0.0103020000, 0.0085100000, 0.0109100000, 0.0116100000, 0.0101020000, 0.0113180000, 0.0104980000, 0.0101320000, 0.0103100000, 0.0097860000, 0.0101040000, 0.0097300000, 0.0093380000, 0.0109220000, 0.0100200000, 0.0093440000, 0.0100320000, 0.0097760000, 0.0102740000, 0.0114860000, 0.0100180000, 0.0110900000, 0.0097140000, 0.0098580000, 0.0097260000, 0.0100540000, 0.0123500000, 0.0087580000, 0.0093980000, 0.0098900000, 0.0099860000, 0.0107040000, 0.0102460000, 0.0102020000, 0.0092600000, 0.0104420000, 0.0089780000, 0.0113300000, 0.0097220000, 0.0094240000, 0.0097440000, 0.0102860000, 0.0107440000, 0.0096040000, 0.0109000000, 0.0096580000, 0.0093480000, 0.0100760000, 0.0093300000, 0.0111740000, 0.0110860000, 0.0088960000, 0.0102300000, 0.0097460000, 0.0103240000, 0.0105100000, 0.0091160000, 0.0109700000, 0.0090060000, 0.0115140000, 0.0108020000, 0.0122580000, 0.0118100000, 0.0111660000, 0.0098240000, 0.0103020000, 0.0105340000, 0.0100360000, 0.0109700000, 0.0103940000, 0.0107960000, 0.0090660000, 0.0098580000, 0.0102420000, 0.0122440000, 0.0103600000, 0.0098480000, 0.0099140000, 0.0098500000, 0.0097520000, 0.0107360000, 0.0115480000, 0.0095880000, 0.0097920000, 0.0105540000, 0.0121080000, 0.0107120000, 0.0094220000, 0.0092920000, 0.0103620000, 0.0105980000, 0.0107480000, 0.0114160000]
  },
  "c_m": {
    "500_500_0": [0.0099120000, 0.0095120000, 0.0107160000, 0.0093560000, 0.0092080000, 0.0097080000, 0.0091000000, 0.0103660000, 0.0085700000, 0.0106420000, 0.0117660000, 0.0099520000, 0.0104460000, 0.0096780000, 0.0099700000, 0.0096320000, 0.0093920000, 0.0086320000, 0.0092120000, 0.0087460000, 0.0097660000, 0.0091000000, 0.0093480000, 0.0100780000, 0.0099840000, 0.0102660000, 0.0112820000, 0.0095600000, 0.0088580000, 0.0095620000, 0.0095840000, 0.0094380000, 0.0095660000, 0.0094660000, 0.0083760000, 0.0093900000, 0.0096180000, 0.0100300000, 0.0104560000, 0.0095100000, 0.0099220000, 0.0089820000, 0.0101020000, 0.0091440000, 0.0094720000, 0.0091080000, 0.0097420000, 0.0095000000, 0.0093240000, 0.0105400000, 0.0091880000, 0.0106280000, 0.0096400000, 0.0084600000, 0.0096460000, 0.0093380000, 0.0089520000, 0.0107000000, 0.0085960000, 0.0100900000, 0.0096400000, 0.0092680000, 0.0099520000, 0.0091220000, 0.0111960000, 0.0087440000, 0.0106060000, 0.0097520000, 0.0100780000, 0.0110840000, 0.0090580000, 0.0094920000, 0.0097700000, 0.0096440000, 0.0095440000, 0.0104560000, 0.0104880000, 0.0104880000, 0.0094960000, 0.0095100000, 0.0092340000, 0.0115460000, 0.0093100000, 0.0092740000, 0.0095700000, 0.0095760000, 0.0094000000, 0.0098200000, 0.0099280000, 0.0092400000, 0.0094600000, 0.0094320000, 0.0114400000, 0.0108080000, 0.0097700000, 0.0093860000, 0.0095720000, 0.0100100000, 0.0094140000, 0.0111480000],