{
  "m": {
    "100_500_0": [12.1107070707, 10.5113131313, 14.8226262626, 10.2791919192, 11.0012121212, 18.2888888889, 12.0725252525, 8.5442424242, 11.1309090909, 11.2030303030, 14.0743434343, 11.3874747475, 14.5294949495, 12.5301010101, 9.8579797980, 10.4670707071, 15.1454545455, 10.1826262626, 11.1258585859, 11.0365656566, 11.8743434343, 11.1767676768, 9.6179797980, 11.6286868687, 11.3107070707, 14.6600000000, 12.2585858586, 10.9096969697, 11.4135353535, 11.4454545455, 11.1159595960, 11.7545454545, 10.3454545455, 13.2082828283, 17.1864646465, 11.5523232323, 10.6638383838, 13.1517171717, 13.7260606061, 13.4072727273, 12.5911111111, 12.0923232323, 11.1044444444, 8.7975757576, 17.1856565657, 11.8470707071, 9.8929292929, 11.6468686869, 11.6387878788, 11.1973737374, 11.4711111111, 12.4581818182, 11.0260606061, 10.1367676768, 11.3173737374, 9.6779797980, 12.2076767677, 11.0117171717, 13.8674747475, 10.6446464646, 11.9406060606, 9.9517171717, 10.7593939394, 9.4949494949, 10.7674747475, 11.6977777778, 9.6337373737, 13.1535353535, 10.9997979798, 12.0050505051, 11.5783838384, 11.8464646465, 11.1745454545, 9.2383838384, 11.9339393939, 12.7690909091, 12.8161616162, 9.6002020202, 13.8492929293, 12.9725252525, 10.6250505051, 12.7282828283, 12.3400000000, 11.3965656566, 11.6703030303, 9.6567676768, 11.5559595960, 10.6195959596, 11.1412121212, 12.0333333333, 10.3460606061, 11.0191919192, 12.5141414141, 11.8612121212, 10.6882828283, 11.5193939394, 11.0535353535, 13.1818181818, 13.2014141414, 12.1234343434],
    "100_500_1": [11.4107070707, 10.2371717172, 14.6412121212, 10.2397979798, 11.3220202020, 16.2292929293, 12.4054545455, 8.6484848485, 11.2092929293, 11.5846464646, 12.8248484848, 11.1777777778, 15.2606060606, 13.2755555556, 9.2349494949, 10.3741414141, 15.5814141414, 10.3373737374, 11.4797979798, 11.2230303030, 11.8648484848, 11.5014141414, 9.6595959596, 11.2355555556, 11.5838383838, 12.3234343434, 11.8115151515, 11.1680808081, 11.4169696970, 10.6313131313, 10.6939393939, 11.8062626263, 10.2751515152, 13.3765656566, 17.1642424242, 11.5103030303, 10.9187878788, 13.0383838384, 13.7749494949, 12.7559595960, 12.7511111111, 11.3951515152, 11.1810101010, 8.9418181818, 12.8642424242, 11.6670707071, 9.8074747475, 12.0606060606, 11.6333333333, 11.0222222222, 11.2698989899, 12.5454545455, 10.8517171717, 10.0292929293, 10.9163636364, 9.6343434343, 12.0648484848, 10.3208080808, 14.1103030303, 10.5852525253, 12.2266666667, 9.1329292929, 11.0262626263, 10.0490909091, 10.8137373737, 11.6541414141, 9.8250505051, 13.5838383838, 10.9686868687, 11.9058585859, 11.8159595960, 11.9343434343, 11.0616161616, 9.3721212121, 12.1284848485, 12.5779797980, 11.1834343434, 9.5313131313, 12.7319191919, 13.0472727273, 10.6389898990, 12.1793939394, 12.6781818182, 11.3236363636, 11.8545454545, 9.7238383838, 11.6721212121, 10.8733333333, 11.0222222222, 12.0565656566, 11.4919191919, 10.2761616162, 12.1002020202, 11.4943434343, 10.5268686869, 11.7006060606, 10.8549494949, 13.1894949495, 13.3022222222, 12.7860606061]
  },
  "c": {
    "100_500_0": [7.8084848485, 9.3927272727, 7.8749494949, 10.6321212121, 6.9294949495, 8.2016161616, 8.3755555556, 10.2349494949, 8.4733333333, 9.4278787879, 10.2478787879, 8.3971717172, 10.0389898990, 7.0846464646, 6.9771717172, 10.0183838384, 8.1018181818, 9.9812121212, 9.5565656566, 8.2226262626, 11.0682828283, 9.1943434343, 9.1008080808, 8.5325252525, 8.7670707071, 8.7424242424, 9.7622222222, 9.9153535354, 9.6098989899, 8.8852525253, 7.4541414141, 9.0793939394, 7.9818181818, 9.1537373737, 9.0048484848, 8.0666666667, 8.1212121212, 8.8559595960, 8.9072727273, 10.5151515152, 8.6426262626, 9.1747474747, 9.6107070707, 9.9951515152, 7.9597979798, 7.7107070707, 8.6757575758, 8.2602020202, 7.8806060606, 8.0840404040, 9.1406060606, 7.6644444444, 9.2476767677, 7.2428282828, 8.7496969697, 8.0137373737, 8.3167676768, 7.5765656566, 10.4965656566, 7.8076767677, 9.7149494949, 8.0347474747, 10.7026262626, 9.1735353535, 7.7547474747, 9.0105050505, 7.9616161616, 11.1026262626, 8.6688888889, 9.0810101010, 9.2779797980, 8.6919191919, 7.7096969697, 8.9987878788, 9.4062626263, 9.1490909091, 7.4781818182, 7.8333333333, 9.7339393939, 9.8214141414, 10.0834343434, 9.5375757576, 10.3082828283, 8.6749494949, 7.8579797980, 7.7175757576, 7.6183838384, 9.8048484848, 8.6072727273, 10.0204040404, 7.9862626263, 8.9238383838, 9.0250505051, 8.5397979798, 7.7452525253, 7.9765656566, 9.0440404040, 8.6763636364, 7.9204040404, 7.1810101010],
    "100_500_1": [7.5787878788, 8.6638383838, 7.6832323232, 10.0604040404, 7.6870707071, 8.2018181818, 8.1230303030, 10.2418181818, 8.6400000000, 10.2313131313, 9.5715151515, 8.4515151515, 9.5074747475, 7.3456565657, 7.5933333333, 8.9913131313, 7.9179797980, 10.4662626263, 9.0246464646, 9.2333333333, 10.3169696970, 9.4414141414, 8.1765656566, 8.4256565657, 8.8068686869, 8.6521212121, 10.3759595960, 9.6898989899, 10.2098989899, 8.2547474747, 7.7927272727, 8.4983838384, 8.8393939394, 9.3123232323, 8.4856565657, 8.5901010101, 7.5272727273, 8.9385858586, 9.0420202020, 10.1432323232, 8.1983838384, 10.0537373737, 8.0505050505, 8.9361616162, 7.6032323232, 7.4591919192, 7.4414141414, 7.2907070707, 7.6616161616, 7.7129292929, 10.2820202020, 8.2034343434, 10.3191919192, 6.6711111111, 9.2298989899, 7.1787878788, 7.9890909091, 6.9294949495, 10.3228282828, 7.2090909091, 8.2426262626, 7.4430303030, 9.7313131313, 8.4947474747, 8.4591919192, 9.2541414141, 7.0765656566, 9.8355555556, 8.2509090909, 8.9098989899, 8.5161616162, 8.7656565657, 8.7959595960, 8.7779797980, 8.7048484848, 8.8628282828, 7.0478787879, 7.8094949495, 10.1856565657, 9.9496969697, 9.5377777778, 9.5987878788, 9.5270707071, 8.0096969697, 7.1703030303, 6.8931313131, 7.9747474747, 9.3034343434, 8.7323232323, 8.9727272727, 8.0438383838, 9.5656565657, 9.3117171717, 8.1250505051, 8.6987878788, 7.2826262626, 8.9038383838, 8.5876767677, 7.4183838384, 7.0860606061]
  },
  "c_m": {
    "100_500_0": [8.3234343434, 10.0327272727, 7.2961616162, 8.9258585859, 6.7632323232, 8.3335353535, 9.3937373737, 11.3533333333, 7.2591919192, 10.1957575758, 10.3539393939, 8.0345454545, 9.1945454545, 7.3400000000, 6.6539393939, 9.3189898990, 8.3977777778, 8.8416161616, 7.9541414141, 8.2701010101, 9.2414141414, 8.3193939394, 8.4652525253, 8.2038383838, 8.8028282828, 9.5167676768, 8.1626262626, 8.2939393939, 9.3903030303, 8.4123232323, 7.4218181818, 8.7365656566, 7.4961616162, 8.3177777778, 7.4010101010, 8.1971717172, 8.0868686869, 8.7149494949, 8.7868686869, 10.4555555556, 7.2252525253, 8.4125252525, 9.3252525253, 9.4032323232, 8.1430303030, 8.1367676768, 8.5464646465, 8.6034343434, 7.2842424242, 8.5432323232, 8.3903030303, 7.6028282828, 8.7240404040, 7.0860606061, 8.4042424242, 7.2355555556, 8.7282828283, 8.5200000000, 9.5452525253, 7.5632323232, 10.4896969697, 7.0171717172, 8.8787878788, 8.8808080808, 7.0743434343, 8.4907070707, 7.7866666667, 10.1206060606, 8.5420202020, 8.4692929293, 9.7733333333, 8.8632323232, 8.6903030303, 8.7933333333, 9.7070707071, 8.2882828283, 8.2961616162, 8.4775757576, 9.8214141414, 8.3260606061, 8.5230303030, 9.6272727273, 9.2846464646, 8.9947474747, 7.3886868687, 7.5642424242, 7.7701010101, 9.7383838384, 8.6985858586, 9.4284848485, 7.6391919192, 9.1103030303, 8.8177777778, 8.7707070707, 7.8379797980, 7.4070707071, 9.4345454545, 9.3797979798, 10.2731313131, 7.3478787879],