{
  "m": {
    "100_500_0": [-0.0042727081, -0.0006920692, -0.0057797535, -0.0001792377, -0.0021407785, -0.0139715795, -0.0011844789, -0.0006784362, -0.0031164724, -0.0007799164, -0.0060981087, 0.0011280813, -0.0069166394, -0.0047563005, -0.0039915070, -0.0019430602, -0.0081941505, -0.0034892016, -0.0014412948, -0.0026771364, -0.0008034214, -0.0020786136, -0.0009299781, -0.0008698151, -0.0005172016, -0.0071892221, -0.0066639509, -0.0063249263, -0.0021909210, 0.0001871097, -0.0044482719, -0.0023880608, 0.0003327276, -0.0021750175, -0.0122820285, -0.0035926228, -0.0016281493, 0.0000201850, -0.0028554123, -0.0047234145, -0.0049020963, -0.0042812693, -0.0047015501, 0.0015715556, -0.0054439170, -0.0049893389, -0.0007889898, -0.0030309455, 0.0002580981, 0.0001433257, -0.0017830767, -0.0032249028, -0.0041082593, -0.0020428587, -0.0005990968, -0.0025483528, -0.0018465047, -0.0032320074, -0.0021886138, -0.0012834763, -0.0041725397, -0.0015911305, 0.0004111256, -0.0031471203, 0.0016375115, -0.0004524018, -0.0006076957, -0.0050832172, -0.0036320165, -0.0067324170, -0.0022525181, 0.0013758172, -0.0042268633, 0.0011184094, -0.0050796713, -0.0041978437, -0.0042826128, -0.0035443142, -0.0025735592, -0.0055179153, -0.0004966983, -0.0064189783, -0.0040525524, -0.0016627471, -0.0007527634, -0.0019487201, -0.0024598205, -0.0013750712, -0.0012285214, 0.0038477382, -0.0002607673, -0.0003154900, -0.0004511299, -0.0051306688, -0.0034382138, -0.0034146822, -0.0022285873, -0.0065578461, -0.0025841527, -0.0060319945],
    "100_500_1": [-0.0025258752, -0.0006165512, -0.0056972869, 0.0000820310, -0.0020659058, -0.0074644524, -0.0011433091, -0.0006587490, -0.0027366056, -0.0012608683, -0.0037088181, 0.0019262200, -0.0067745332, -0.0047379315, -0.0033530671, -0.0016491304, -0.0080666797, -0.0030288303, -0.0011932403, -0.0024436094, -0.0007334704, -0.0020786136, -0.0009658520, -0.0006038871, -0.0004583911, -0.0038896203, -0.0062746440, -0.0062314912, -0.0018542823, 0.0012048661, -0.0037964902, -0.0024539000, 0.0008184684, -0.0022104391, -0.0118132525, -0.0026041371, -0.0013167212, 0.0000484320, -0.0028002638, -0.0042337425, -0.0048857234, -0.0034836853, -0.0045602357, 0.0018763008, 0.0003114834, -0.0045142760, -0.0007564304, -0.0030326802, 0.0002740750, 0.0003879675, -0.0017208482, -0.0031707012, -0.0038802284, -0.0021496125, -0.0001873917, -0.0021910655, -0.0018007311, -0.0017448649, -0.0021453883, -0.0008807090, -0.0041725397, 0.0011908521, 0.0003675170, -0.0031173401, 0.0017075169, -0.0003866386, -0.0005576919, -0.0047640773, -0.0035718926, -0.0066292186, -0.0021653093, 0.0013521171, -0.0041984425, 0.0011987370, -0.0047647209, -0.0041831081, -0.0031178252, -0.0033274552, -0.0013458204, -0.0053008462, -0.0004750387, -0.0043377528, -0.0039477160, -0.0016517057, -0.0007527634, -0.0015220066, -0.0024442691, -0.0013199384, -0.0012344554, 0.0043899237, -0.0002594266, 0.0000398810, -0.0003404223, -0.0046408985, -0.0029554307, -0.0034092134, -0.0022126933, -0.0059098768, -0.0023672892, -0.0060319945]
  },
  "c": {
    "100_500_0": [0.0056022648, 0.0047760690, 0.0050870968, 0.0060782094, 0.0031889551, 0.0048034081, 0.0040409445, 0.0036328927, 0.0042108346, 0.0054842971, 0.0045433895, 0.0072293527, 0.0064125269, 0.0043242293, 0.0035546297, 0.0032176289, 0.0034248521, 0.0028043097, 0.0049043804, 0.0044607889, 0.0079882714, 0.0042405218, 0.0052686677, 0.0057335572, 0.0077550628, 0.0033415233, 0.0021923040, 0.0032499925, 0.0032562617, 0.0058468249, 0.0032843028, 0.0049041968, 0.0053454794, 0.0070097320, 0.0056670102, 0.0048052703, 0.0044887611, 0.0075311334, 0.0044430820, 0.0040967344, 0.0027881855, 0.0048061139, 0.0035999310, 0.0052633246, 0.0057002513, 0.0024606325, 0.0042147023, 0.0042741746, 0.0067157302, 0.0044029368, 0.0059045709, 0.0049759666, 0.0033188369, 0.0040311475, 0.0055128517, 0.0040542462, 0.0044601662, 0.0044661179, 0.0090470216, 0.0041866137, 0.0048471284, 0.0044664831, 0.0032386979, 0.0029728561, 0.0073909057, 0.0059206708, 0.0040012619, 0.0040721835, 0.0037145478, 0.0029031370, 0.0050534491, 0.0072116683, 0.0041872913, 0.0059937290, 0.0035248683, 0.0043709085, 0.0033971081, 0.0025854602, 0.0049962592, 0.0040041745, 0.0052444550, 0.0042316479, 0.0051271189, 0.0049567416, 0.0056619313, 0.0042540552, 0.0028799919, 0.0039592478, 0.0053299583, 0.0101618843, 0.0030696263, 0.0053901917, 0.0044003055, 0.0030288878, 0.0031493483, 0.0035806119, 0.0044895459, 0.0039622073, 0.0043977486, 0.0040218812],
    "100_500_1": [0.0057870586, 0.0047358454, 0.0051606235, 0.0060464113, 0.0032053491, 0.0047952660, 0.0040122452, 0.0036875391, 0.0041660714, 0.0054842971, 0.0045255893, 0.0073357754, 0.0063641367, 0.0042980804, 0.0035560123, 0.0035128877, 0.0034238506, 0.0028177415, 0.0049361193, 0.0044890316, 0.0079973654, 0.0042655756, 0.0052306141, 0.0057259340, 0.0077443455, 0.0033087193, 0.0021938399, 0.0033101627, 0.0032145629, 0.0058148933, 0.0033742037, 0.0048844404, 0.0052942175, 0.0070115932, 0.0056615849, 0.0047906033, 0.0044933171, 0.0074966868, 0.0044255664, 0.0040858125, 0.0027473714, 0.0048011327, 0.0038211571, 0.0053498215, 0.0057153024, 0.0025928439, 0.0041692352, 0.0042989781, 0.0066868112, 0.0044313132, 0.0059280829, 0.0048994061, 0.0034316155, 0.0040362949, 0.0055345209, 0.0040846835, 0.0044637881, 0.0044448913, 0.0090470216, 0.0044131743, 0.0047440146, 0.0044602919, 0.0034358869, 0.0029544935, 0.0074375248, 0.0059317058, 0.0039472775, 0.0040480499, 0.0036791860, 0.0029940802, 0.0050792226, 0.0077405697, 0.0043321611, 0.0059588761, 0.0035137710, 0.0043554250, 0.0033476308, 0.0025631398, 0.0049904190, 0.0042102396, 0.0052470355, 0.0042924051, 0.0051466228, 0.0049382203, 0.0056845165, 0.0042588528, 0.0029290055, 0.0039637694, 0.0052989386, 0.0100726089, 0.0031099035, 0.0053754290, 0.0043900840, 0.0030018633, 0.0032432345, 0.0035874663, 0.0047233666, 0.0039208072, 0.0044048801, 0.0040123275]
  },
  "c_m": {
    "100_500_0": [0.0056666951, 0.0043703294, 0.0049869334, 0.0062206438, 0.0032479854, 0.0047122628, 0.0037097149, 0.0029694925, 0.0041615153, 0.0053461885, 0.0044458119, 0.0075704916, 0.0065028194, 0.0045018207, 0.0036033383, 0.0034327026, 0.0030609256, 0.0029267200, 0.0048940055, 0.0046259205, 0.0080332009, 0.0045852950, 0.0051075598, 0.0059084371, 0.0075525468, 0.0028804499, 0.0023404304, 0.0040780977, 0.0037583122, 0.0057130668, 0.0032839438, 0.0050705140, 0.0051715440, 0.0072467124, 0.0059377060, 0.0042837854, 0.0044658686, 0.0074731055, 0.0043690973, 0.0042255324, 0.0035242254, 0.0048563461, 0.0040522223, 0.0055375274, 0.0058537983, 0.0023325964, 0.0042390756, 0.0044920364, 0.0067638755, 0.0041478947, 0.0062226167, 0.0049596390, 0.0033051395, 0.0039866748, 0.0054559569, 0.0041224959, 0.0046275147, 0.0040355192, 0.0089737756, 0.0044411930, 0.0046521503, 0.0045580483, 0.0057738725, 0.0023460337, 0.0073498385, 0.0059470873, 0.0041960217, 0.0040636414, 0.0036009766, 0.0030564685, 0.0051413456, 0.0071554159, 0.0042895678, 0.0060000843, 0.0027747510, 0.0044975060, 0.0031744031, 0.0020938037, 0.0051809988, 0.0042733916, 0.0049635151, 0.0033138640, 0.0054509415, 0.0051027547, 0.0058487429, 0.0041880326, 0.0028541101, 0.0039853729, 0.0052351199, 0.0103263353, 0.0033079884, 0.0051098138, 0.0044851640, 0.0033565311, 0.0032369886, 0.0034417242, 0.0044405660, 0.0037749043, 0.0044933813, 0.0042081514],