{
  "m": {
    "100_500_0": [4.9509090909, 4.4258585859, 5.2454545455, 3.9878787879, 4.1795959596, 6.8408080808, 5.3298989899, 4.1294949495, 4.7856565657, 4.1074747475, 6.3389898990, 4.2705050505, 5.6987878788, 5.1189898990, 4.2420202020, 3.8836363636, 5.2737373737, 4.2991919192, 5.2703030303, 5.3575757576, 5.2919191919, 4.1056565657, 4.3886868687, 5.2286868687, 4.5373737374, 5.7365656566, 5.2757575758, 4.2438383838, 4.4375757576, 4.5739393939, 5.0662626263, 4.3995959596, 5.0872727273, 6.3422222222, 6.7036363636, 4.5656565657, 4.1303030303, 4.9438383838, 5.0175757576, 5.5040404040, 5.5078787879, 5.5709090909, 4.4365656566, 4.0339393939, 5.5543434343, 5.9721212121, 4.6379797980, 3.7789898990, 5.5941414141, 5.0315151515, 4.9476767677, 5.0812121212, 4.7096969697, 4.2408080808, 4.2119191919, 4.0056565657, 4.7119191919, 4.6414141414, 5.7078787879, 4.3014141414, 5.2434343434, 4.6595959596, 4.9664646465, 4.5535353535, 4.3272727273, 4.4583838384, 3.7492929293, 4.6917171717, 4.4466666667, 4.9319191919, 4.5456565657, 5.2137373737, 4.6749494949, 3.6248484848, 4.8470707071, 5.4513131313, 4.9002020202, 4.3729292929, 4.9644444444, 4.7381818182, 3.7806060606, 4.6979797980, 4.8159595960, 4.3577777778, 4.6822222222, 5.0034343434, 4.9692929293, 4.4947474747, 5.2153535354, 4.8846464646, 3.4804040404, 5.3977777778, 5.2355555556, 4.8969696970, 4.2884848485, 4.7541414141, 4.9848484848, 5.1684848485, 6.0452525253, 5.0385858586],
    "100_500_1": [4.6555555556, 4.4335353535, 5.2189898990, 4.0367676768, 4.3903030303, 5.9789898990, 5.3529292929, 4.1795959596, 4.1844444444, 3.9537373737, 6.1133333333, 4.1337373737, 5.7947474747, 5.1105050505, 4.3238383838, 3.8032323232, 5.2638383838, 4.2406060606, 5.2931313131, 5.2353535354, 5.2325252525, 4.1125252525, 4.3458585859, 5.0587878788, 4.5767676768, 5.2533333333, 5.0832323232, 4.3046464646, 4.5321212121, 4.3707070707, 4.8583838384, 4.4470707071, 4.9947474747, 6.3915151515, 6.5503030303, 4.6422222222, 4.1652525253, 4.9414141414, 5.0789898990, 5.2589898990, 5.4527272727, 5.4464646465, 4.4472727273, 4.1383838384, 4.8874747475, 5.7703030303, 4.5418181818, 3.7698989899, 5.4040404040, 4.8616161616, 5.0543434343, 5.0907070707, 4.6462626263, 4.2216161616, 4.0725252525, 3.9890909091, 4.5765656566, 4.5036363636, 5.6743434343, 4.4729292929, 5.2434343434, 4.1426262626, 5.0624242424, 4.5515151515, 4.2721212121, 4.4478787879, 3.8313131313, 4.7187878788, 4.9872727273, 4.9981818182, 4.5288888889, 5.2777777778, 4.7086868687, 3.4397979798, 4.8379797980, 5.5220202020, 4.4579797980, 4.3317171717, 4.4559595960, 4.7507070707, 3.7713131313, 4.4208080808, 4.8836363636, 4.2949494949, 4.7444444444, 4.6729292929, 4.9981818182, 4.4745454545, 5.1567676768, 4.7373737374, 3.4785858586, 5.3670707071, 5.2602020202, 4.8818181818, 4.1581818182, 4.8094949495, 4.8969696970, 5.1183838384, 5.9660606061, 5.0284848485]
  },
  "c": {
    "100_500_0": [3.2402020202, 3.9812121212, 3.0644444444, 3.2070707071, 2.4038383838, 4.0864646465, 4.0670707071, 3.8804040404, 3.3545454545, 3.2420202020, 5.2840404040, 3.6939393939, 3.4363636364, 3.0230303030, 2.7094949495, 3.4551515152, 2.9771717172, 3.6446464646, 3.5583838384, 4.0943434343, 3.5834343434, 2.9969696970, 3.8036363636, 3.6945454545, 3.0189898990, 3.8385858586, 3.4957575758, 3.3573737374, 3.8258585859, 3.2668686869, 3.1963636364, 3.1707070707, 3.6517171717, 3.6042424242, 3.9769696970, 3.2674747475, 2.7020202020, 3.7185858586, 3.1658585859, 4.2529292929, 4.3917171717, 4.1757575758, 3.2216161616, 3.8094949495, 3.1850505051, 3.9335353535, 3.4107070707, 2.8800000000, 4.0418181818, 4.3062626263, 3.7418181818, 4.1648484848, 4.1521212121, 3.7604040404, 3.2418181818, 3.0462626263, 2.6519191919, 3.0939393939, 3.9975757576, 3.0927272727, 3.8787878788, 3.5298989899, 4.4709090909, 4.4280808081, 3.4357575758, 3.5494949495, 3.1232323232, 3.5814141414, 3.1919191919, 3.4557575758, 3.5064646465, 3.3715151515, 3.1191919192, 3.2808080808, 3.6539393939, 3.4292929293, 3.2816161616, 3.0737373737, 3.5749494949, 3.3335353535, 2.9549494949, 3.5480808081, 3.3800000000, 3.1561616162, 3.0977777778, 3.3416161616, 4.3280808081, 3.2496969697, 4.3042424242, 3.9993939394, 3.6094949495, 4.1329292929, 3.7436363636, 3.2913131313, 2.5373737374, 3.2894949495, 3.4636363636, 3.4343434343, 4.3264646465, 3.5836363636],
    "100_500_1": [3.3325252525, 3.9412121212, 2.7757575758, 3.1412121212, 2.5797979798, 4.0333333333, 4.4157575758, 3.7385858586, 3.4658585859, 3.2420202020, 5.1854545455, 3.6377777778, 3.5345454545, 2.9115151515, 2.7507070707, 3.1092929293, 2.9856565657, 3.8042424242, 3.5298989899, 3.8947474747, 3.2802020202, 2.9410101010, 3.8151515152, 3.7193939394, 3.0771717172, 3.6886868687, 3.6549494949, 3.1577777778, 3.7153535354, 3.2703030303, 3.2145454545, 3.2363636364, 3.7503030303, 3.8222222222, 4.1129292929, 3.2626262626, 2.6820202020, 3.8054545455, 3.1802020202, 3.8080808081, 4.3208080808, 4.2953535354, 3.0418181818, 3.6795959596, 3.2183838384, 4.0563636364, 3.2648484848, 2.9191919192, 4.2012121212, 4.3208080808, 3.7777777778, 4.1220202020, 4.3167676768, 3.6753535354, 3.2622222222, 3.0896969697, 2.7311111111, 3.1125252525, 3.9975757576, 3.0446464646, 4.1078787879, 3.5595959596, 4.9206060606, 4.2822222222, 3.5084848485, 3.6240404040, 3.2113131313, 3.4442424242, 3.1878787879, 3.2024242424, 3.5256565657, 3.2909090909, 2.9850505051, 3.4137373737, 3.3907070707, 3.3351515152, 3.2020202020, 2.9795959596, 3.4042424242, 3.2668686869, 3.0113131313, 3.5408080808, 3.5008080808, 3.1042424242, 3.2834343434, 3.3654545455, 4.1298989899, 3.0983838384, 4.1577777778, 3.8478787879, 3.5385858586, 3.6553535354, 3.9688888889, 3.3282828283, 2.7054545455, 3.6602020202, 3.4064646465, 3.3270707071, 4.1004040404, 3.7517171717]
  },
  "c_m": {
    "100_500_0": [3.8997979798, 3.8523232323, 3.1038383838, 2.9137373737, 2.6208080808, 3.9684848485, 4.6084848485, 4.4517171717, 3.2288888889, 3.4741414141, 4.7713131313, 2.9749494949, 3.5250505051, 3.4937373737, 3.0171717172, 3.0331313131, 3.1420202020, 3.6672727273, 3.4280808081, 3.7173737374, 3.2329292929, 2.7446464646, 3.7420202020, 3.7549494949, 3.0094949495, 3.9957575758, 3.4298989899, 2.7292929293, 3.7705050505, 3.4032323232, 3.2949494949, 3.5240404040, 4.1840404040, 3.7357575758, 3.6181818182, 3.4852525253, 2.9969696970, 3.7042424242, 3.8397979798, 4.3367676768, 3.6503030303, 4.0008080808, 3.0331313131, 3.5608080808, 3.4921212121, 4.2842424242, 3.8995959596, 3.3325252525, 3.2878787879, 4.0359595960, 3.7636363636, 3.9470707071, 4.2414141414, 3.6606060606, 3.2868686869, 2.9929292929, 3.2565656566, 3.5050505051, 3.5937373737, 2.8650505051, 4.1222222222, 3.3927272727, 3.7672727273, 4.5165656566, 3.3604040404, 3.6214141414, 3.2529292929, 3.5052525253, 2.9985858586, 3.0315151515, 3.8321212121, 3.6452525253, 3.4917171717, 3.2795959596, 3.5840404040, 3.7545454545, 3.6355555556, 3.1197979798, 3.5961616162, 3.3375757576, 3.0604040404, 3.8252525253, 3.2426262626, 3.1032323232, 3.1367676768, 3.8602020202, 4.1278787879, 3.9282828283, 4.3537373737, 3.9048484848, 3.1957575758, 4.3941414141, 3.9808080808, 3.3430303030, 2.6444444444, 3.5412121212, 3.6543434343, 3.3945454545, 4.3565656566, 3.5606060606],