{
  "m": {
    "100_500_0": [0.0258600000, 0.0227300000, 0.0272800000, 0.0238000000, 0.0235400000, 0.0342000000, 0.0241900000, 0.0233400000, 0.0229600000, 0.0241500000, 0.0281800000, 0.0243600000, 0.0313700000, 0.0284400000, 0.0243700000, 0.0231000000, 0.0274800000, 0.0252200000, 0.0248900000, 0.0260900000, 0.0270600000, 0.0250700000, 0.0240100000, 0.0258600000, 0.0269000000, 0.0293900000, 0.0262000000, 0.0276700000, 0.0237100000, 0.0241900000, 0.0242200000, 0.0252900000, 0.0217200000, 0.0282300000, 0.0329900000, 0.0251400000, 0.0229200000, 0.0255100000, 0.0251200000, 0.0275000000, 0.0251200000, 0.0255500000, 0.0272100000, 0.0211400000, 0.0287500000, 0.0263100000, 0.0220800000, 0.0251000000, 0.0229800000, 0.0220900000, 0.0244600000, 0.0241800000, 0.0232500000, 0.0217300000, 0.0238100000, 0.0228800000, 0.0252200000, 0.0254200000, 0.0268600000, 0.0230500000, 0.0250600000, 0.0224900000, 0.0252500000, 0.0222600000, 0.0228700000, 0.0243200000, 0.0223100000, 0.0268000000, 0.0234100000, 0.0276300000, 0.0248700000, 0.0230800000, 0.0258400000, 0.0220400000, 0.0261700000, 0.0281100000, 0.0248000000, 0.0234500000, 0.0271000000, 0.0280200000, 0.0249800000, 0.0271900000, 0.0256500000, 0.0250100000, 0.0235200000, 0.0215700000, 0.0259400000, 0.0256700000, 0.0240300000, 0.0247700000, 0.0215700000, 0.0244500000, 0.0234300000, 0.0267900000, 0.0244300000, 0.0247500000, 0.0252700000, 0.0277200000, 0.0246300000, 0.0264100000],
    "100_500_1": [0.0238900000, 0.0228400000, 0.0274400000, 0.0242700000, 0.0232800000, 0.0291100000, 0.0242500000, 0.0228800000, 0.0225000000, 0.0236000000, 0.0252100000, 0.0229600000, 0.0306600000, 0.0270600000, 0.0251500000, 0.0227200000, 0.0274400000, 0.0237200000, 0.0238700000, 0.0266000000, 0.0274700000, 0.0234200000, 0.0250300000, 0.0254800000, 0.0259400000, 0.0276700000, 0.0278700000, 0.0273400000, 0.0238800000, 0.0220100000, 0.0234300000, 0.0254900000, 0.0215600000, 0.0268400000, 0.0318500000, 0.0242400000, 0.0221600000, 0.0256000000, 0.0258800000, 0.0270600000, 0.0252400000, 0.0244400000, 0.0261000000, 0.0215800000, 0.0242200000, 0.0254800000, 0.0222300000, 0.0244400000, 0.0234700000, 0.0215000000, 0.0235600000, 0.0230400000, 0.0218600000, 0.0231900000, 0.0230600000, 0.0238800000, 0.0251500000, 0.0230000000, 0.0257600000, 0.0223300000, 0.0257600000, 0.0212600000, 0.0245800000, 0.0219500000, 0.0218800000, 0.0241600000, 0.0229000000, 0.0255800000, 0.0236900000, 0.0288400000, 0.0257100000, 0.0232500000, 0.0250500000, 0.0208400000, 0.0255600000, 0.0284300000, 0.0242200000, 0.0242800000, 0.0251300000, 0.0278200000, 0.0240500000, 0.0270600000, 0.0240700000, 0.0244400000, 0.0247000000, 0.0216100000, 0.0251900000, 0.0251100000, 0.0235600000, 0.0252400000, 0.0236100000, 0.0226700000, 0.0224800000, 0.0274100000, 0.0236000000, 0.0251600000, 0.0239800000, 0.0276600000, 0.0241000000, 0.0252500000]
  },
  "c": {
    "100_500_0": [0.0200200000, 0.0207800000, 0.0192700000, 0.0218100000, 0.0184300000, 0.0189800000, 0.0201700000, 0.0231500000, 0.0194900000, 0.0205600000, 0.0203100000, 0.0197000000, 0.0203100000, 0.0200300000, 0.0179100000, 0.0219300000, 0.0187400000, 0.0212500000, 0.0199300000, 0.0180000000, 0.0211800000, 0.0212000000, 0.0213500000, 0.0195400000, 0.0210900000, 0.0217500000, 0.0220700000, 0.0204300000, 0.0218100000, 0.0199200000, 0.0186200000, 0.0205300000, 0.0177600000, 0.0199300000, 0.0200200000, 0.0181400000, 0.0191000000, 0.0200700000, 0.0187100000, 0.0229200000, 0.0204900000, 0.0196100000, 0.0224300000, 0.0205000000, 0.0207500000, 0.0193400000, 0.0198700000, 0.0189000000, 0.0191500000, 0.0189200000, 0.0196400000, 0.0200500000, 0.0199200000, 0.0172600000, 0.0201500000, 0.0186600000, 0.0201600000, 0.0175600000, 0.0201000000, 0.0202600000, 0.0204100000, 0.0187800000, 0.0252400000, 0.0201900000, 0.0167600000, 0.0190000000, 0.0193400000, 0.0212600000, 0.0180300000, 0.0213700000, 0.0195000000, 0.0182500000, 0.0189300000, 0.0204200000, 0.0216700000, 0.0219600000, 0.0182700000, 0.0197700000, 0.0216700000, 0.0213000000, 0.0223100000, 0.0209700000, 0.0221000000, 0.0213300000, 0.0182500000, 0.0180200000, 0.0203700000, 0.0233200000, 0.0183400000, 0.0219500000, 0.0198800000, 0.0209500000, 0.0203800000, 0.0224000000, 0.0181900000, 0.0194800000, 0.0194000000, 0.0190400000, 0.0193400000, 0.0185000000],
    "100_500_1": [0.0191900000, 0.0188400000, 0.0188200000, 0.0215300000, 0.0193900000, 0.0182900000, 0.0200300000, 0.0225700000, 0.0195600000, 0.0213300000, 0.0195300000, 0.0190900000, 0.0193200000, 0.0189900000, 0.0182300000, 0.0201300000, 0.0176600000, 0.0218400000, 0.0193400000, 0.0190700000, 0.0207700000, 0.0216900000, 0.0200600000, 0.0193500000, 0.0208000000, 0.0207200000, 0.0223100000, 0.0199900000, 0.0222500000, 0.0190100000, 0.0177800000, 0.0199700000, 0.0183100000, 0.0207600000, 0.0195200000, 0.0183900000, 0.0182600000, 0.0197800000, 0.0191000000, 0.0226900000, 0.0199000000, 0.0202400000, 0.0204200000, 0.0193600000, 0.0196400000, 0.0185100000, 0.0192500000, 0.0179100000, 0.0182500000, 0.0191300000, 0.0206600000, 0.0205100000, 0.0207000000, 0.0162600000, 0.0208800000, 0.0175100000, 0.0193000000, 0.0165500000, 0.0200000000, 0.0187500000, 0.0191900000, 0.0183500000, 0.0247600000, 0.0194700000, 0.0175100000, 0.0191200000, 0.0183500000, 0.0202200000, 0.0172600000, 0.0205600000, 0.0183500000, 0.0173200000, 0.0199600000, 0.0196900000, 0.0207100000, 0.0211300000, 0.0173500000, 0.0190300000, 0.0223500000, 0.0215500000, 0.0218800000, 0.0213000000, 0.0212500000, 0.0204200000, 0.0175500000, 0.0169500000, 0.0206500000, 0.0227600000, 0.0186700000, 0.0206100000, 0.0190500000, 0.0216600000, 0.0207100000, 0.0214100000, 0.0184500000, 0.0182300000, 0.0191200000, 0.0186300000, 0.0184100000, 0.0179000000]
  },
  "c_m": {
    "100_500_0": [0.0199700000, 0.0218200000, 0.0192000000, 0.0207100000, 0.0184200000, 0.0187100000, 0.0213100000, 0.0253500000, 0.0186900000, 0.0208500000, 0.0201800000, 0.0183300000, 0.0194900000, 0.0194900000, 0.0184300000, 0.0205100000, 0.0196500000, 0.0210200000, 0.0186700000, 0.0179900000, 0.0208500000, 0.0204100000, 0.0207900000, 0.0205500000, 0.0210400000, 0.0233600000, 0.0201100000, 0.0186300000, 0.0215800000, 0.0196300000, 0.0177000000, 0.0201600000, 0.0180600000, 0.0197700000, 0.0185300000, 0.0192600000, 0.0189600000, 0.0207700000, 0.0188900000, 0.0220500000, 0.0187900000, 0.0184600000, 0.0218000000, 0.0201200000, 0.0206600000, 0.0192700000, 0.0201300000, 0.0188500000, 0.0183100000, 0.0185100000, 0.0192800000, 0.0199800000, 0.0194800000, 0.0170200000, 0.0202900000, 0.0167800000, 0.0200300000, 0.0192800000, 0.0186100000, 0.0197000000, 0.0216800000, 0.0176300000, 0.0216200000, 0.0209400000, 0.0171200000, 0.0182100000, 0.0190600000, 0.0212300000, 0.0182500000, 0.0204900000, 0.0203800000, 0.0185300000, 0.0195300000, 0.0204500000, 0.0217800000, 0.0195500000, 0.0189200000, 0.0204000000, 0.0217600000, 0.0198400000, 0.0211700000, 0.0214700000, 0.0213500000, 0.0218600000, 0.0176400000, 0.0182500000, 0.0209400000, 0.0235500000, 0.0188400000, 0.0206300000, 0.0181200000, 0.0214000000, 0.0197400000, 0.0214500000, 0.0186400000, 0.0191100000, 0.0202300000, 0.0193800000, 0.0205200000, 0.0190200000],