{"m": {"500_100": [0.016569299562657253, 0.010352350404133468, 0.014254059539718, 0.018562296550980538, 0.016631381636323495, 0.018841060559742183, 0.018393939158103022, 0.013493490093812725, 0.01390086659068751, 0.01309958162450377, 0.024147883368322073, 0.017012113719748014, 0.018283813297300368, 0.015661554411959513, 0.016650374519634206, 0.017542334986426284, 0.015922017548466103, 0.015711963826786815, 0.019929026539742482, 0.018482826094580088, 0.01551869528354975, 0.017036104279518478, 0.010061254218680551, 0.01408816959520991, 0.015338940250529268, 0.015257394509245641, 0.018131439229311947, 0.018641976656456536, 0.01741566601448867, 0.01749549741633251, 0.01597502590140517, 0.01780910141952176, 0.018999381925229826, 0.01678679694093691, 0.014671353246768704, 0.0179641147919331, 0.01845819817954616, 0.014988694579719304, 0.01713267673970986, 0.015819178344788524, 0.008254958534523321, 0.013435943696155882, 0.009798894134054572, 0.01866949264233277, 0.016951405944560682, 0.01650857452149212, 0.012662323080655624, 0.015639603584607104, 0.01456779178353434, 0.01447010977127109, 0.015362961916609784, 0.017318869220818014, 0.018132992951635823, 0.01621118661655419, 0.019504744971238688, 0.014623801927566384, 0.012737669343425951, 0.017629089973365333, 0.013746465212234325, 0.018055437892832996, 0.018315035555742796, 0.014195352278928331, 0.016758381221994786, 0.015239466463926219, 0.014916380412219587, 0.014635409595048113, 0.0117702145446575, 0.017634885247500787, 0.0159931374419028, 0.016685685748987454, 0.018061818835340818, 0.01975557138269738, 0.016931747688872276, 0.01611173856290494, 0.018932464408231316, 0.016856964791280626, 0.01584145495449149, 0.01564620548468709, 0.015297640604015469, 0.017915771238915478, 0.017614573934420622, 0.015531358683919388, 0.021492354401307676, 0.021252655761615023, 0.0219279312154786, 0.018978106989286606, 0.016125945012826996, 0.014737920306265733, 0.019461862580857414, 0.015300436978250072, 0.015705030000107655, 0.014458420177238003, 0.016808151203004964, 0.018196975569416973, 0.013509540509155048, 0.01781618736934615, 0.021604532907892864, 0.011923985870142642, 0.017774218791077146, 0.012842977251906269]}, "c": {"500_100": [0.015537868939803592, 0.013996455449739733, 0.013374522588128311, 0.017376488327096012, 0.0154793910103316, 0.01810466410606794, 0.018420954594490176, 0.012606118659987696, 0.013541040775308356, 0.011010331144223019, 0.026988633545216436, 0.01630252672554925, 0.017644341568397212, 0.014807363125605042, 0.01505306080141978, 0.016676399217067227, 0.016030847019351785, 0.01449951004548464, 0.01879477568193004, 0.017549901334708993, 0.01431938150959104, 0.016096452990926338, 0.010562058365496486, 0.012382188155330369, 0.014595998105413309, 0.013696062902728444, 0.020008492819768724, 0.02068747556273069, 0.01709272009055814, 0.016856538304559073, 0.01577004027415038, 0.017682945027510867, 0.01768845991858834, 0.01572169889531171, 0.01459790548904217, 0.017099358356276934, 0.01825420887663873, 0.01377961994640529, 0.019529529535099864, 0.015305791115919273, 0.011555397461245157, 0.012903181194579375, 0.014793041024512931, 0.017598631936883758, 0.016034433997068116, 0.015305923720752616, 0.01563037934235341, 0.014290056989636505, 0.013351493973822508, 0.013627350583057704, 0.014997414644603996, 0.016690715391267295, 0.017823445430502616, 0.014356946203857369, 0.01765515702748002, 0.01315944895975641, 0.011777039151639038, 0.01859043944103556, 0.013176582477119956, 0.017311652998587234, 0.01666749765810164, 0.01301405859168881, 0.015864796109987655, 0.01475343144915343, 0.01481273679517617, 0.013111945723114332, 0.012396673678552033, 0.020666163571581856, 0.016258908728818643, 0.015432974424586864, 0.018333500029561255, 0.017980941629143345, 0.01642561033275735, 0.015243785322727781, 0.01923567378747408, 0.016143023057483514, 0.016593183857404072, 0.014580998873717908, 0.014489685902595228, 0.016752805960421245, 0.016450865935853654, 0.014327873638460442, 0.021328151473578763, 0.018570937563529004, 0.020385406825119863, 0.017966459174662452, 0.0145778519691345, 0.014848783846923034, 0.01841972481020159, 0.013592248525883041, 0.015561144156611554, 0.015127449707950727, 0.017464711359521608, 0.017252950587732047, 0.017192286806364136, 0.017234811419048784, 0.02200570646807537, 0.011159199909367017, 0.01661881087040558, 0.008022347839788562]}, "c_m": {"500_100": [0.01745767143080593, 0.015516845637337538, 0.01654185563151972, 0.018760456707537086, 0.016637585112839005, 0.019123740647067462, 0.01981171179672485, 0.013601382846604828, 0.017014915078791527, 0.015592640910667106, 0.02919619500413988, 0.01750367921004712, 0.018358772198998924, 0.016325587503168208, 0.016614321339866147, 0.017788474394107762, 0.017482951342988964, 0.015921924966190854, 0.020652918307498765, 0.018855763675250055, 0.015358294194172777, 0.017098946760001562, 0.011970048983551532, 0.013979640572752687, 0.014873842144058727, 0.01558636971672735, 0.021315761016000617, 0.022462757254530008, 0.01950482141514425, 0.017332703253725924, 0.01771219454267455, 0.018346419290873165, 0.019839968115078228, 0.017308139812366136, 0.015280552475315635, 0.01792368984067696, 0.019405903242264468, 0.01469030406244201, 0.020444208839022177, 0.015919088420935732, 0.012958328718605626, 0.01379653067179781, 0.016400927402256783, 0.018645735219201015, 0.017133283195779513, 0.01617723395623718, 0.014953743532704684, 0.015419875032758573, 0.014747128682347248, 0.014588474509163061, 0.015810943847266317, 0.01744968742973244, 0.018148212597558885, 0.01599369224807844, 0.020617109813353164, 0.014757047661851394, 0.012580449116293312, 0.02210669222189128, 0.014894292610663834, 0.018276854636967182, 0.019191516443480067, 0.014313903447730264, 0.01726722379159095, 0.015438893355448235, 0.015566852042413084, 0.015178700976353866, 0.012832304141164496, 0.021714021560384718, 0.01711140888517373, 0.016506126421342197, 0.02028112994186944, 0.020017034785922733, 0.01701166286000953, 0.015983716538098235, 0.01857154388088631, 0.017251244058366866, 0.017680176939361553, 0.016134424610127606, 0.01562762838315248, 0.018416949444653, 0.017793557125736405, 0.015650504489483866, 0.023280723375669478, 0.02203893396299216, 0.02184303426002647, 0.01894145841909223, 0.01636558221303043, 0.015290370184073254, 0.019913997011547033, 0.015701142445937295, 0.01665247566679798, 0.014570808496371174, 0.021221277439140394, 0.018267101705063977, 0.019685434860697425, 0.01976902841529678, 0.02384124037775997, 0.011964137868917896, 0.017954990030819462, 0.01322870196634758]},