{"m": {"100_500": [0.008626835117867012, -0.0036888419938299923, -0.001351478775509313, -0.00012625530924924533, 0.0002751805675463402, -0.0005519259998227062, -0.0020193925316410607, -0.0007548194046629942, -0.0003725382512120996, 5.184788169688545e-05, -0.0019906215132254874, 0.004516973629571585, 0.0006807896000889013, 0.0027542315102551946, -0.00037509719167894216, -0.0010229571888345527, -0.0022167431844596287, 0.0013136806788149988, -0.000990076933606324, 0.001178358988109976, -0.0010391548311867518, -0.002460911290045624, 0.0015144671249057865, -0.0020037591033586068, -0.0007076679449522635, -0.0018721692512760637, -0.001150003484427143, 0.0008354080775710463, -0.0011366052419471088, -0.00109038743560086, -0.002793474639657361, 0.006418901315057883, 0.001987654954763566, 0.0006733653135520581, -0.0012467178661447543, 0.0006375534693982627, 0.002973140890166833, 0.002950605517792865, 0.0025578973290353315, -0.0010588827125229, 0.0010411411493524792, -0.0005778450058503949, -0.0006621640157231013, 0.0016065335580441752, 0.004430914789042436, -0.003656929177789716, 0.0028445219069099404, -0.0016053473345257225, 0.0018676749116458813, -0.0027383441455978027, 0.009926612935186712, 1.5843789010687034e-05, 0.002586171706997702, 0.0008721579643934092, 0.0019837490907500615, -0.002052104500107671, -0.0004423569335787033, -0.0006032845764551894, 0.002667404701078485, 0.01446006224134122, -0.002963108954089694, -0.004353571097247913, 0.0009828621898470738, 0.0005051264067426382, 0.0005902037370232574, 0.0005803737251774873, -0.0028058340306235186, -0.0029791389271675143, 0.004148399098880473, -0.001542879338455823, -9.968079223355744e-05, -0.002154209564026678, -0.004252558381422568, -0.0009923104277694073, -0.0016879687892492803, -0.0006216660897173279, 0.0037681744741860893, -0.00035513574564436566, 0.00845819485750908, -0.0015638279863273783, 0.0008891727228625678, -0.0009200029222598823, -0.001843484686507436, 0.00406995207372238, -0.0009439515459854738, -0.00038326408737091695, 0.0007087134150484053, -0.0012147214627802896, -0.001111034587612521, -0.00303606628759022, -0.0005810864245830453, 0.007593493394836842, 0.0005616186009033118, -0.002793138071963622, 0.006394760706659727, 0.003947017729590734, 0.0002855552987611736, 0.0016226699361295324, 0.004129594717477303, -4.430779797694413e-06]}, "c": {"100_500": [0.010104730176904268, 0.0012084300945581345, 0.0003278515668898763, 0.0025453465669453726, 0.001980916587533284, 0.00044903464986899055, 0.00037815836524547196, 0.0008503338457921928, 0.0004141744085971732, 0.003133675713870325, 0.002429920492990641, 0.00569280214978382, 0.002230220502216107, 0.003674997605288809, 0.0005067571363542811, 0.0003694838074115978, 0.0007662932507827645, 0.002611944989418844, 0.0006040120653204213, 0.0020574879252100073, 0.0004075876640430943, 0.0009496841017621045, 0.0025999406839221774, 0.0003710965992358979, 0.001615564393800596, 0.0014742540607394767, 0.00020928974167181878, 0.0017316091606581177, 0.00046484739547449864, 0.00047435095795415693, 0.00046971786882451854, 0.008391564974269423, 0.003093237893664045, 0.0019035495646765048, 0.00045314740313537186, 0.0019848617250127426, 0.003871959927392745, 0.004844071043728764, 0.0039032169612267173, 0.0004979400851456739, 0.0035614485915828847, 0.0014288970051470097, 0.0006012902130227303, 0.0040800549665451396, 0.006389881580150104, 0.0007863140347925946, 0.004956028295566066, 0.0005311817934986903, 0.0059857612908321605, 0.0004956873305050249, 0.013760815122514031, 0.0018396582688960188, 0.004653092521687504, 0.004611144361164042, 0.004291388018619764, 0.0005060030133507098, 0.0033037932462021127, 0.00045765353661525297, 0.003860830422723957, 0.01668874468074282, 0.0005854792874166742, 0.0005364101068496529, 0.0027954771686573804, 0.0032603714336373376, 0.002115081122414267, 0.0017450141362115393, 0.0006595340314558417, 0.0015705783709725075, 0.006762026346975908, 0.0005176247879446601, 0.0024424134758084257, 0.002125812825048488, 0.0017478132235162775, 0.000514783587398124, 0.0016350979232540703, 0.00045677891699189786, 0.005211380595524388, 0.0004878530695170048, 0.009807290616974787, 0.00038622349808982106, 0.0019407559976819904, 0.0016262385965032445, 0.0005868310868559638, 0.005243054472691292, 0.000757988802473119, 0.00027813931416618287, 0.0021354178007711015, 0.00016662437832797876, 0.00030735424744168994, 0.00040099033003207295, 0.0006715795203273592, 0.01050545758427761, 0.0031682438089618518, 0.0004122917767317267, 0.008494121344588348, 0.0056928913981806545, 0.0022871973664694814, 0.004463362119279045, 0.0071931175478741356, 0.001865593544173753]}, "c_m": {"100_500": [0.010097237081609346, 0.0012240121981396805, 0.0003278515668898763, 0.0025612536256629393, 0.001980916587533138, 0.00044903464986899055, 0.0003846567901367962, 0.0008519469530197967, 0.0005206871506760945, 0.003133675713870325, 0.002429920492990641, 0.005684901030378242, 0.002230220502216107, 0.003674997605288809, 0.0005033305875885708, 0.0004726877292539575, 0.0007662932507827645, 0.002611944989418844, 0.0006051464664351079, 0.0020268884019588587, 0.0004075876640430943, 0.0009496841017621045, 0.002585902120086539, 0.0003842209602854564, 0.0016155643938004505, 0.0014742540607394767, 0.00020928974167181878, 0.0017316091606581177, 0.00046484739547449864, 0.00047435095795415693, 0.00046971786882451854, 0.008383512353359402, 0.003093237893664045, 0.0019186314222516376, 0.00045314740313537186, 0.0019848617250127426, 0.003871408423108078, 0.004845902564982535, 0.0039032169612267173, 0.0004979400851456739, 0.0035290876166640373, 0.0014362593906429538, 0.0006012902130227303, 0.0040800549665451396, 0.006388368961959641, 0.0007792620657605584, 0.004956028295566066, 0.0005029408417844388, 0.006001200543589658, 0.0004940022979825153, 0.013760815122514031, 0.0018291631730807422, 0.004653092521687504, 0.004611144361164042, 0.004255637713298493, 0.0005060030133507098, 0.0033084292037518755, 0.00045218006960756613, 0.003879126047031168, 0.01668874468074282, 0.0005854792874168197, 0.0005364101068496529, 0.0027900014729493705, 0.0032603714336373376, 0.002115081122414267, 0.0017400896174597437, 0.0006595340314559872, 0.0015705783709725075, 0.006762026346975908, 0.0005176247879446601, 0.0024424134758084257, 0.002115899226398469, 0.0017478132235162775, 0.0005161439617972064, 0.0016361731986863015, 0.00045677891699189786, 0.005154072679130914, 0.0004878530695170048, 0.009761729479844362, 0.00038622349808982106, 0.0019407559976819904, 0.0016262385965032445, 0.0005868310868559638, 0.005243054472691292, 0.0007205349121577456, 0.00027813931416618287, 0.0021707282713043967, 0.00016662437832797876, 0.0002900313629838638, 0.00040099033003207295, 0.0006715795203273592, 0.010451175202879822, 0.0031682438089618518, 0.0004073511931599933, 0.008494121344588348, 0.0056928913981806545, 0.0021969151886110194, 0.004463362119279045, 0.0071931175478741356, 0.001865593544173753]},