{"m": {"500_500": [0.00042091519361757673, 0.0017886258361719083, 9.302802560874262e-05, 0.0016201396392005263, 0.0013090120580928632, 0.001971494049647474, 0.003633478702724911, 0.003528389421000262, 1.9922773280413823e-05, 0.0024170354568513576, 0.003108833040628815, 0.0017461073185434798, 0.001925607137109153, 0.0020693677177410575, 0.0014401172224297188, 0.0015620366793182912, 0.0021478987820209004, 0.0013060401471123332, 0.0006809647007754538, 0.0023139488219813212, 0.0014112320341909072, 0.000275157682500896, 0.0017312521385719302, -0.0005498981369873509, 0.0013314955387894298, 0.0019848993526168633, 0.002015016539208824, 0.0016616553647964029, 0.0018777503884980689, 0.0017742523627359188, 0.0013912677073872183, 0.0011902736928813393, 0.0016519761635629693, 0.0021519264940749855, 0.0016694022130463273, 0.001327595590454992, 0.0005216972355486359, 0.0002395204655333655, 0.0017017226089288014, 0.002469520320933545, 0.001821457845037221, 0.0018931937033117283, 0.001857752900677151, 0.002208563624286675, 0.0010232707838925999, 0.0014227550027753459, 0.0003402370894125197, 0.004311196681184229, 0.001332537055036868, 0.0016306113486081594, 0.0018613207326115809, 0.0015156481511858291, 0.001590373555340455, -0.0002375352313835174, 0.005126574831629056, -0.00018818891843315214, 0.00213267740985367, 0.003712268225655076, 0.0007659503174169222, 0.001745007208353607, -0.00021796245042956435, 0.0018686256960290485, 0.0012728531947880984, 0.0030785159257347696, 0.00232594629542646, 0.0008274758345421869, -0.0022899215385296847, 0.0010513088327001314, 0.00262409446240135, 0.0008245866608370561, 0.007814762846935424, 0.002519381057527731, 0.0014423571112535429, 0.001636982609817176, 0.0015960945613150252, -0.0018245376064182492, 0.0018261335369388107, 0.0008914586322623072, 0.001526142468897393, 0.0025766810801497197, 0.00024314561403240078, 0.001950194797377102, 0.0021033319572923937, -0.000474827575039817, 0.00040117380372376647, 0.002122977235354134, 0.0020020142100653613, 0.0014464658654691884, 0.0024734140619686804, 0.0020294578595000785, 0.0019903385505778714, 0.0004941624998459592, 0.0015666563609279692, 0.0019202769983307226, 0.0038428522797361946, 0.002537678441621014, 6.105170159239788e-05, 0.0019779908985784276, 0.0009057749466293025, 0.0002118411317227874]}, "c": {"500_500": [0.0027417646240273023, 0.0021277008554808565, 0.002204252621134743, 0.0037116314124179773, 0.001859590990182478, 0.0023896925613173517, 0.00508810079916357, 0.004691141051379614, 0.003142785623767413, 0.003696977241141256, 0.0035923320474782958, 0.002997624124491005, 0.0026455500937221806, 0.0030967456058072856, 0.0029923137847089674, 0.0016864992020101054, 0.004104634399382281, 0.0020346497052501655, 0.002379379362142878, 0.0030970604385668413, 0.0033611952705743025, 0.0026205956689211306, 0.0022647827698517357, 0.002597541134798899, 0.0019142921218671836, 0.0022459780455990693, 0.0028887602298159616, 0.0024436866181656953, 0.003032257081317366, 0.001963211305765435, 0.001831832408836577, 0.002608631003391929, 0.002789294219785137, 0.0024144348477850436, 0.002782184462229838, 0.003596929685188457, 0.001729410723220557, 0.0019654852792094463, 0.0021568857360854746, 0.0043901054229298605, 0.002987682659847196, 0.002355165375128388, 0.002718955500495038, 0.0024514949408894174, 0.0022055529697269666, 0.0028507078242216957, 0.001977939243360772, 0.005334032746407087, 0.002829983917994774, 0.0019495080877869623, 0.003943384222386638, 0.002651103130699252, 0.0034689873840274524, 0.0016829255178344902, 0.006431213210601942, 0.003799974134597811, 0.0035802343720734353, 0.005064432855566032, 0.0025481415430434282, 0.002107005267633824, 0.0021282014338832814, 0.002576872660036199, 0.00236416420774546, 0.004845594938570983, 0.003974831742336042, 0.0023876388121186753, 0.003116906449714792, 0.0025590354987749596, 0.003934977192070452, 0.0021707884717372945, 0.008248530216899584, 0.0034136623585979686, 0.0045948494631852955, 0.0024624121636821657, 0.001908935881905956, 0.001991446200636099, 0.002915488930914784, 0.0031807357448326657, 0.0020496014194169546, 0.003140282620816026, 0.0032685590355060997, 0.002090888073681621, 0.003827991854226333, 0.0016931476712448057, 0.0024240031209951268, 0.0036212912070107415, 0.002187515657086158, 0.002273090685690986, 0.003003885974376928, 0.0028299214130260517, 0.003086664569173823, 0.002634821517293574, 0.0020372510224694854, 0.005210909952362068, 0.0066349474291410295, 0.0027320212073625298, 0.0020831991359198, 0.002246535733528901, 0.0020613781730919145, 0.0023643165836870904]}, "c_m": {"500_500": [0.0026025048176543785, 0.002129475745739066, 0.0023066150316176934, 0.003799688290317077, 0.0021064179045117925, 0.002340796691255178, 0.005071139622801682, 0.00471104052473919, 0.0030502189575661903, 0.00403854340335913, 0.00356023335559282, 0.0031580857810350133, 0.0026104613868860762, 0.0031098037960495565, 0.002905985612663324, 0.0017476146906147479, 0.003999381580002839, 0.001971705565740238, 0.0021827622729054417, 0.0030608300351111684, 0.003461348905060673, 0.002678041363068391, 0.0022311347584493923, 0.002742724564233329, 0.0019701768752342324, 0.0022146264949745964, 0.002925465603051358, 0.002529234789090115, 0.003051034149659332, 0.0020172721089354016, 0.0018521173389198958, 0.002573131560749491, 0.002897310953333741, 0.0024395586282787846, 0.002812118291621795, 0.0037913671606439165, 0.0017417721486862284, 0.001964660548485932, 0.0021497901105869094, 0.004369636799751083, 0.003280117476139334, 0.002226509907541447, 0.0025070792292698754, 0.002508216324929963, 0.002307235105105559, 0.0028716956085379935, 0.0020046920786295085, 0.00540013793035259, 0.002858505169105134, 0.0023598699470657155, 0.004079544291555649, 0.0024907207762831824, 0.0033912258211993614, 0.0017444610812485917, 0.006485322332378477, 0.003906346921731019, 0.003447246081857709, 0.005232385321565321, 0.0026852696413611995, 0.002062262436130899, 0.0021280957763619955, 0.002468005835197284, 0.002362714173136046, 0.0048482351378293246, 0.003963628123706789, 0.002555153426906094, 0.00312325837375049, 0.002565124359233887, 0.003963068249780801, 0.0023085939879005308, 0.00824495226690278, 0.0034946606362723977, 0.004655554248513537, 0.002468529676333186, 0.0020257245882633144, 0.0020331702475420896, 0.0032011057654125616, 0.003319963813169976, 0.002285899959190865, 0.0029818947962106904, 0.0033777683739128987, 0.002330905178503017, 0.004146832543953788, 0.0016757442506148946, 0.0021692579233373982, 0.0035918814061852173, 0.0020161873990080783, 0.0022295055601028726, 0.00341020218173007, 0.0035899255862589926, 0.003196610610594507, 0.0027453560496772406, 0.002363584051801241, 0.0052943875451461645, 0.006618437803359236, 0.0027468949584068033, 0.0023055741746223065, 0.0023872989275933944, 0.002082447308534989, 0.0022113100512815872]},